STN,LON,LAT,STN_SP,HT,HT_PA,HT_TA,HT_WD,HT_RN,STN_AD,STN_KO,STN_EN
90,128.56473,38.25085,35100,17.53,18.73,1.70,10.00,1.40,90,속초,Sokcho
93,127.75443,37.94738,31201,95.78,96.78,1.50,10.00,1.40,101,북춘천,Bukchuncheon
95,127.3042,38.14787,31110,155.48,156.98,1.80,13.00,1.50,101,철원,Cheorwon
98,127.0607,37.90188,22200,115.62,116.74,1.70,10.00,1.00,119,동두천,Dongducheon
99,126.76648,37.88589,22300,30.59,31.99,1.70,10.00,1.00,119,파주,Paju
100,128.71834,37.67713,35400,772.43,773.43,1.70,10.00,1.40,100,대관령,Daegwallyeong
101,127.7357,37.90262,31210,75.82,77.05,1.50,10.00,1.40,101,춘천,Chuncheon
102,124.71237,37.97396,21101,36.0,37.20,1.80,9.00,1.20,102,백령도,Baengnyeongdo
104,128.85535,37.80456,35201,75.24,76.67,1.70,10.00,1.40,105,북강릉,Bukgangneung
105,128.89099,37.75147,35300,27.12,28.22,1.70,10.00,0.50,105,강릉,Gangneung
106,129.12433,37.50709,35500,40.46,41.66,1.70,10.00,1.40,106,동해,Donghae
108,126.9658,37.57142,11101,85.67,86.67,1.50,10.00,0.50,108,서울,Seoul
112,126.6249,37.47772,23201,68.99,70.19,1.60,10.00,1.20,112,인천,Incheon
114,127.94659,37.33749,31300,150.11,151.11,1.70,14.00,1.40,114,원주,Wonju
115,130.89863,37.48129,35601,221.14,223.70,1.60,10.00,1.30,115,울릉도,Ulleungdo
119,126.983,37.25746,23311,39.81,40.81,1.60,18.70,1.10,109,수원,Suwon
121,128.45743,37.18126,31400,240.54,242.05,1.70,10.00,1.40,121,영월,Yeongwol
127,127.9525,36.97045,41400,114.85,116.25,1.65,10.00,1.00,131,충주,Chungju
129,126.4939,36.77658,45110,25.25,26.55,1.60,20.20,1.10,129,서산,Seosan
130,129.41278,36.99176,71100,48.98,50.18,1.75,10.00,1.30,136,울진,Uljin
131,127.44066,36.63924,41111,58.7,60.10,1.70,10.00,0.80,131,청주,Cheongju
133,127.3721,36.37199,45201,67.79,68.49,1.40,23.70,1.00,133,대전,Daejeon
135,127.99458,36.22025,41300,244.98,246.18,1.60,10.00,1.10,131,추풍령,Chupungnyeong
136,128.70733,36.57293,71311,141.26,142.76,1.80,10.00,1.30,136,안동,Andong
137,128.15741,36.40837,71200,96.58,97.98,1.80,10.00,1.40,143,상주,Sangju
138,129.38002,36.03201,71501,3.94,4.92,1.60,10.00,1.20,138,포항,Pohang
140,126.76135,36.0053,51100,27.85,24.60,1.70,10.00,1.00,146,군산,Gunsan
143,128.65296,35.87797,71401,54.27,55.52,1.80,10.00,0.60,143,대구,Daegu
146,127.11718,35.84092,51211,60.44,62.90,1.60,10.00,1.40,146,전주,Jeonju
152,129.33469,35.58237,75201,81.14,83.20,1.80,10.00,1.30,152,울산,Ulsan
155,128.57282,35.17019,75301,34.97,39.10,1.70,10.00,1.30,155,창원,Changwon
156,126.89156,35.17294,55101,70.28,73.90,1.70,17.50,0.80,156,광주,Gwangju
159,129.03203,35.10468,75101,69.56,70.90,1.50,18.00,1.30,159,부산,Busan
162,128.43561,34.84541,75400,31.24,33.20,1.50,18.00,1.30,159,통영,Tongyeong
165,126.38151,34.81732,55201,44.7,39.20,1.50,14.50,1.00,165,목포,Mokpo
168,127.74063,34.73929,55601,65.93,66.10,1.50,13.00,0.60,168,여수,Yeosu
169,125.45105,34.68719,55401,75.12,78.00,1.50,15.50,0.60,169,흑산도,Heuksando
170,126.70182,34.3959,55500,35.37,36.70,1.50,10.00,0.80,165,완도,Wando
172,126.599,35.34824,51300,52.42,53.50,1.80,10.00,1.70,146,고창,Gochang
174,127.3694,35.0204,56110,165.0,166.50,1.50,10.00,0.80,156,순천,Suncheon
177,126.68772,36.65759,45301,27.74,28.70,1.50,10.00,1.50,177,홍성,Hongseong
181,127.38458,36.63994,41210,33.55,33.55,1.50,10.00,0.50,131,서청주,Seocheongju
184,126.52969,33.51411,61101,20.79,21.99,1.70,15.00,1.50,184,제주,Jeju
185,126.16283,33.29382,61200,71.39,72.49,1.70,10.00,1.50,184,고산,Gosan
188,126.8802,33.38677,61400,20.34,21.74,1.70,10.00,1.50,184,성산,Seongsan
189,126.5653,33.24616,61311,51.86,53.16,1.70,10.00,1.50,184,서귀포,Seogwipo
192,128.04004,35.16378,75610,29.35,31.60,1.80,10.00,1.30,155,진주,Jinju
201,126.44634,37.70739,24100,47.84,49.24,1.60,10.00,0.60,112,강화,Ganghwa
202,127.49446,37.48863,24200,47.26,48.76,1.90,10.00,0.60,119,양평,Yangpyeong
203,127.48421,37.26399,24300,80.09,81.59,1.80,10.00,0.60,119,이천,Icheon
211,128.16811,38.05991,32100,202.0,203.00,1.50,10.00,0.50,105,인제,Inje
212,127.88043,37.6836,32200,140.2,141.20,1.60,13.00,0.50,101,홍천,Hongcheon
216,128.98929,37.17038,36100,714.45,715.25,1.60,16.00,0.60,216,태백,Taebaek
217,128.67312,37.38071,32300,312.0,312.00,1.50,10.00,0.50,105,정선군,Jeongseon
221,128.19433,37.15928,42200,264.62,265.39,1.50,10.00,0.50,131,제천,Jecheon
226,127.73415,36.48761,42300,171.31,172.71,1.50,10.00,0.50,131,보은,Boeun
232,127.29282,36.76217,46100,84.78,83.00,1.80,10.00,1.20,133,천안,Cheonan
235,126.55744,36.32724,46200,9.98,17.00,1.60,10.00,1.10,133,보령,Boryeong
236,126.92079,36.27242,46300,13.42,14.88,1.70,10.00,0.50,133,부여,Buyeo
238,127.48175,36.10563,46400,170.17,171.07,1.50,10.00,0.50,133,금산,Geumsan
239,127.24438,36.48522,45200,89.5,95.00,1.60,10.00,1.00,133,세종,sejong
243,126.71657,35.72961,52100,12.2,13.50,1.80,10.00,0.60,146,부안,Buan
244,127.28556,35.61203,52400,247.04,248.44,1.80,10.00,0.60,146,임실,Imsil
245,126.83904,35.56333,52200,68.7,70.97,1.90,10.00,1.00,146,정읍,Jeongeup
247,127.39652,35.4213,52300,133.49,91.80,1.70,10.00,0.70,146,남원,Namwon
248,127.52031,35.65696,52500,406.87,408.00,1.60,10.00,0.50,146,장수,Jangsu
251,126.69231,35.42346,52600,50.0,50.90,1.50,10.00,1.00,146,고창군,Gochanggun
252,126.47784,35.28366,56500,37.2,38.70,1.50,13.00,0.60,156,영광군,Yeonggwanggun
253,128.89075,35.22981,73000,54.59,54.60,1.70,10.00,0.50,159,김해시,Gimhaesi
254,127.1286,35.37131,52700,129.38,128.40,1.60,10.00,0.60,146,순창군,Sunchanggun
255,128.6726,35.22655,73100,50.95,50.30,1.80,10.00,0.70,155,북창원,Bukchangwon
257,129.02009,35.30737,73100,6.29,16.10,1.80,10.00,0.60,152,양산시,Yangsansi
258,127.21226,34.76335,56710,1.41,4.30,1.50,10.00,0.60,168,보성군,Boseonggun
259,126.78408,34.64457,56400,16.19,17.39,1.50,10.00,0.80,165,강진군,Gangjin
260,126.91951,34.68886,56200,43.99,46.30,1.50,10.00,0.80,165,장흥,Jangheung
261,126.56907,34.55375,56300,16.36,17.91,1.50,10.00,0.80,165,해남,Haenam
262,127.27572,34.61826,56400,51.91,53.31,1.50,10.00,0.80,168,고흥,Goheung
263,128.28812,35.32258,75500,14.1,14.90,2.00,10.00,0.60,155,의령군,Uiryeonggun
264,127.74538,35.51138,76700,152.07,152.50,1.80,10.00,0.60,155,함양군,Hamyanggun
266,127.6914,34.9434,56600,88.21,87.90,1.70,10.00,0.60,156,광양시,Gwangyangsi
268,126.25846,34.47296,56100,9.82,6.90,1.70,10.00,0.60,165,진도군,Jindogun
271,128.91449,36.94361,72100,324.67,326.22,1.90,10.00,0.60,136,봉화,Bonghwa
272,128.51687,36.87183,72200,211.32,212.78,1.91,10.00,0.58,136,영주,Yeongju
273,128.14879,36.62727,72300,173.01,174.51,1.80,10.00,0.60,136,문경,Mungyeong
276,129.04005,36.4351,72900,208.65,210.20,1.75,10.00,0.50,143,청송군,Cheongsonggun
277,129.40926,36.53337,72400,40.71,42.01,1.70,10.00,0.60,138,영덕,Yeongdeok
278,128.68864,36.3561,72500,81.44,82.94,1.70,10.00,0.60,143,의성,Uiseong
279,128.32055,36.13055,72600,49.17,50.67,1.70,10.00,1.40,143,구미,Gumi
281,128.9514,35.97742,72700,96.12,97.62,1.70,10.00,0.50,143,영천,Yeongcheon
283,129.20123,35.81747,72800,40.13,41.13,1.40,10.00,1.00,138,경주시,Gyeongjusi
284,127.9099,35.66739,76100,228.45,227.30,1.50,10.00,1.30,152,거창,Geochang
285,128.16994,35.56505,76200,26.72,33.20,1.50,10.00,0.50,152,합천,Hapcheon
288,128.74412,35.49147,76300,8.31,12.50,2.00,10.00,1.30,152,밀양,Miryang
289,127.8791,35.413,76400,138.22,138.80,1.60,10.00,0.60,155,산청,Sancheong
294,128.60459,34.88818,76500,44.83,46.70,1.70,10.00,0.60,159,거제,Geoje
295,127.92641,34.81662,76600,45.71,47.01,1.80,10.00,0.80,159,남해,Namhae
296,128.96024,35.21778,75001,3.0,4.50,1.50,10.00,0.70,159,북부산,Bukbusan
