STN,연도,평균기온,최저기온평균,최고기온평균,연강수량,연일조시간,관측일수,평균습도,연일사량,연증발량,연안개시간,지중온도_05m,생육기평균기온,생육기강수량,서리일수,초상서리일수,개화기저온일수,폭염일수,호우일수
90.0,2019,13.832328767123288,9.773351648351648,18.07780821917808,1355.5,2543.1,365,60.51917808219178,0.0,0.0,0.0,,19.898130841121496,1107.7,67,101,2,10,2
90.0,2020,13.308196721311475,9.356284153005465,17.458196721311474,2085.8,2447.9,366,61.66885245901639,0.0,0.0,0.0,,18.908411214953272,1824.2,57,100,1,8,8
90.0,2021,13.253150684931505,9.264383561643836,17.51208791208791,1199.7,2478.1,365,64.48082191780821,0.0,0.0,0.0,,19.4107476635514,1005.6,70,85,1,4,1
90.0,2022,12.921917808219177,8.995027624309392,17.167397260273972,1637.3,2487.6,365,61.82493150684931,0.0,0.0,0.0,,19.546728971962615,1469.0,80,99,2,6,4
90.0,2023,13.688980716253445,9.62664835164835,17.883561643835616,1768.8,2379.8,365,63.44820936639119,0.0,0.0,0.0,,20.029577464788733,1355.5,75,122,0,13,1
90.0,2024,14.139285714285714,10.320765027322405,18.114754098360656,1234.1,2265.7,366,66.24450549450549,3790.55,1131.4,0.0,,21.005164319248827,1017.4,83,117,0,16,2
93.0,2019,11.77041095890411,5.975206611570248,18.366575342465755,931.8,2368.7,365,68.47232876712329,5264.83,1372.2,72.6,14.288493150684932,19.412616822429907,804.9,130,161,12,18,1
93.0,2020,11.457650273224044,5.885792349726776,17.790983606557376,1561.4,2281.7,366,72.34617486338799,5226.28,1285.2,53.16,14.392622950819671,18.504205607476635,1376.5,139,174,16,7,3
93.0,2021,11.648219178082194,6.156318681318681,18.021095890410958,1065.2,2303.2,365,73.55698630136986,5354.64,1290.2,102.63,14.429945054945055,19.2,890.2,120,147,6,21,0
93.0,2022,11.00412087912088,5.430747922437673,17.58739726027397,1590.8,2383.7,365,71.73873626373627,5391.08,1307.3,36.93,14.124109589041096,19.153521126760563,1419.6,126,149,9,12,6
93.0,2023,11.99945205479452,6.629639889196676,18.296438356164384,1366.8,2518.1,365,73.88164383561643,5320.11,1301.2,46.71,14.85521978021978,19.784579439252333,1155.9,123,144,6,24,1
93.0,2024,12.917486338797815,7.589835164835164,19.12431693989071,1162.3,2522.6,366,71.125956284153,5378.68,1351.6,37.08,15.547814207650273,20.9088785046729,1036.2,119,133,2,32,1
95.0,2019,11.132328767123289,5.160714285714286,17.527671232876713,920.5,2754.5,365,73.64794520547945,5170.99,1257.7,0.0,,18.79532710280374,803.6,141,174,17,11,2
95.0,2020,10.976775956284152,5.47013698630137,16.964207650273224,1749.3,2597.2,366,78.175956284153,5098.45,1160.8,0.0,,18.020560747663552,1532.3999999999999,146,178,20,3,5
95.0,2021,11.359065934065933,5.696153846153846,17.502191780821917,1115.3,2669.6,365,78.59506849315069,5351.69,1216.6,0.0,,18.780841121495328,937.0,125,161,8,14,0
95.0,2022,10.543561643835616,4.7246575342465755,16.7986301369863,1752.7,2681.8,365,74.87596685082873,5384.83,1236.1,0.0,,18.64906542056075,1557.1,129,168,9,2,6
95.0,2023,11.583241758241758,5.987603305785124,17.572328767123288,1467.2,2499.2,365,74.54273972602739,5309.75,1262.6,0.0,,19.321028037383176,1238.2,128,157,8,9,0
95.0,2024,12.342896174863387,6.9421917808219185,18.35409836065574,1645.7,2476.7,366,74.8844262295082,5348.47,1287.4,0.0,,20.316822429906544,1510.8,125,143,3,19,6
98.0,2019,12.090958904109588,6.770247933884297,18.47917808219178,1028.1,2563.3,365,68.57534246575342,4745.48,0.0,0.0,,19.381308411214956,883.2,119,157,7,12,2
98.0,2020,11.901369863013699,6.886027397260274,17.994535519125684,1641.9,2440.3,366,72.8639344262295,4991.74,0.0,0.0,,18.573831775700935,1421.5,114,169,9,4,4
98.0,2021,12.23489010989011,7.140997229916898,18.452328767123287,1035.6,2417.4,365,73.36520547945206,5066.43,65.1,0.0,,19.335981308411213,844.0,104,149,2,12,0
98.0,2022,11.525549450549452,6.387362637362638,17.995604395604396,1922.6,2500.4,365,70.1587912087912,5205.42,1254.3,0.0,,19.253521126760564,1717.3,111,155,6,5,8
98.0,2023,12.509890109890112,7.478296703296703,18.547671232876713,1412.7,2282.7,365,71.9239010989011,5096.75,1238.2,0.0,,19.940845070422533,1178.0,111,142,3,12,0
98.0,2024,13.185164835164834,8.380327868852458,19.243169398907103,1170.6,2216.1,366,73.76071428571429,5113.84,1235.9,0.0,,20.877830188679248,1019.4,112,130,0,18,3
99.0,2019,11.30631868131868,5.6426997245179065,17.76630136986301,1022.4,2532.7,365,73.65769230769232,4825.96,0.0,0.0,,18.818779342723005,873.0,131,165,14,10,2
99.0,2020,11.231780821917809,5.885479452054794,17.35409836065574,1612.3,2417.7,366,76.00546448087432,5125.73,0.0,0.0,,18.011682242990656,1393.7,136,177,19,2,3
99.0,2021,11.58164383561644,6.19945054945055,17.99258241758242,1037.9,2484.7,365,76.1241095890411,5232.77,58.4,0.0,,18.971028037383178,849.6,126,154,4,13,1
99.0,2022,10.805769230769231,5.098082191780822,17.182739726027396,1730.5,2523.6,365,75.90356164383562,5319.28,1187.2,0.0,,18.657943925233646,1519.8,126,151,9,5,6
99.0,2023,11.853571428571428,6.5520661157024795,17.84849315068493,1438.0,2233.1,365,77.8972602739726,5176.18,1167.6,0.0,,19.34392523364486,1231.9,124,139,7,4,0
99.0,2024,12.526648351648351,7.446685082872928,18.65095890410959,1472.6,2312.5,366,78.29834254143647,5314.82,1206.8,0.0,,20.292523364485984,1340.3999999999999,119,133,3,18,3
100.0,2019,8.206593406593406,2.9080110497237572,13.664383561643836,1198.5,2590.2,365,74.03972602739726,5408.38,1290.4,0.0,,14.935046728971962,1052.0,159,180,24,0,5
100.0,2020,7.833972602739726,2.9005524861878453,13.084699453551913,1755.8,2520.3,366,76.95300546448087,5488.78,1213.3,0.0,,14.145794392523364,1558.1000000000001,173,190,29,0,5
100.0,2021,7.974520547945205,3.084254143646409,13.384340659340658,1027.3,2451.0,365,75.7158904109589,5390.17,1215.9,0.0,,14.673364485981308,892.1,162,180,20,0,0
100.0,2022,7.715151515151515,2.3115384615384613,13.375,1361.1,2500.5,365,70.7668493150685,5583.86,1365.1,0.0,,15.02803738317757,1238.8,157,173,24,0,3
100.0,2023,8.684848484848485,3.287878787878788,14.106027397260274,1291.8,2186.7,365,73.53424657534246,5544.15,1342.6,0.0,,15.563084112149532,1048.4,152,176,22,0,2
100.0,2024,8.874863387978142,3.7844262295081963,14.12431693989071,1169.7,2071.9,366,76.71830601092897,5159.4,1224.1,0.0,,16.413084112149534,949.1,144,171,18,0,1
101.0,2019,12.366758241758241,7.1339726027397266,18.387671232876713,923.2,2348.8,365,68.12472527472528,4627.92,1213.0,0.0,14.157967032967033,20.04319248826291,776.7,122,173,7,16,0
101.0,2020,12.195901639344262,7.214246575342465,18.037704918032787,1550.9,2284.5,366,68.58087431693988,4967.08,1262.0,0.0,14.556830601092896,19.206542056074767,1313.8,117,181,11,10,3
101.0,2021,12.608011049723759,7.413698630136986,18.4186301369863,1045.9,2303.4,365,69.61835616438357,5060.94,1279.1,0.0,14.420604395604396,19.89065420560748,859.4,104,152,2,22,0
101.0,2022,11.978571428571428,6.600552486187846,18.183287671232875,1728.4,2384.8,365,69.55342465753425,5124.15,1281.5,0.0,14.402739726027397,19.959345794392526,1535.8,112,163,6,13,6
101.0,2023,12.427945205479451,7.242265193370165,18.450410958904108,1389.8,2178.6,365,68.7331506849315,5165.49,1356.8,0.0,15.213461538461537,19.978037383177572,1149.1,119,145,5,22,0
101.0,2024,13.38539944903581,8.229752066115703,19.114794520547946,1219.6,2150.4,366,68.64027777777778,5193.95,1328.9,0.0,15.968870523415978,21.075233644859814,1079.6,114,141,1,25,2
102.0,2019,12.07945205479452,9.323835616438355,15.326849315068493,595.4,2386.5,365,74.93095890410959,5643.82,1365.2,410.31,,17.82803738317757,436.2,51,116,1,0,1
102.0,2020,12.162568306010929,9.747267759562842,15.008196721311476,1258.4,2178.2,366,76.4879781420765,5397.46,1287.5,514.18,,17.485981308411215,1135.7,35,107,0,0,2
102.0,2021,12.6260989010989,9.801648351648351,15.808219178082192,1119.8,2229.3,365,73.88712328767123,5425.09,1381.4,349.72,,18.476635514018692,924.1,52,99,0,0,2
102.0,2022,11.81972602739726,9.20109589041096,14.84904109589041,1020.6999999999999,2215.4,365,72.50821917808219,5520.39,1403.5,429.87,,17.907943925233646,868.1999999999999,72,122,0,0,1
102.0,2023,12.555342465753425,9.915890410958905,15.630684931506849,938.0,2213.8,365,75.18054794520549,5551.32,1384.7,430.36,,18.88785046728972,713.8,58,105,0,0,1
102.0,2024,13.23551912568306,10.616939890710382,16.370218579234972,857.9,2307.1,366,72.45167597765364,5662.81,1448.0,369.44,,19.430841121495327,680.8,53,73,0,0,1
104.0,2019,13.654794520547945,9.447123287671232,17.989315068493152,1569.7,2458.2,365,59.501095890410966,5053.56,1445.7,8.58,14.112362637362637,19.47196261682243,1365.6000000000001,65,128,3,7,4
104.0,2020,13.082513661202185,8.885792349726776,17.490163934426228,1801.7,2422.5,366,61.7967032967033,5063.71,1372.4,34.33,14.289344262295081,18.521962616822428,1573.1,69,134,1,7,5
104.0,2021,13.126849315068494,8.863561643835617,17.521643835616437,1392.4,2409.4,365,64.74438356164384,5172.85,1317.3,32.94,14.5,18.892056074766355,1199.9,71,117,2,1,3
104.0,2022,13.21041095890411,9.07741046831956,17.574794520547947,1528.7,2457.7,365,61.96191780821918,5293.79,1377.7,18.24,14.086027397260272,19.52523364485981,1366.3,75,117,2,6,2
104.0,2023,13.969041095890411,9.916528925619835,18.301917808219176,1634.1,2438.8,365,63.41835616438356,5301.27,1398.7,38.65,14.504683195592285,20.075233644859814,1168.8,69,116,0,8,3
104.0,2024,14.25,10.253551912568307,18.488524590163934,1450.1,2366.3,366,66.95546448087431,5133.17,1315.4,5.76,14.474043715846994,20.912616822429907,1115.8,81,117,0,14,2
105.0,2019,14.771232876712329,10.80027397260274,19.464109589041094,1670.5,2559.8,365,56.35698630136986,5459.75,1751.9,0.0,15.255769230769232,20.79532710280374,1476.8,45,100,1,20,4
105.0,2020,14.306284153005466,10.473224043715847,18.62704918032787,1812.9,2248.3,366,60.71420765027323,5151.77,1549.7,0.0,15.180327868852459,19.915420560747663,1572.2,35,96,1,16,4
105.0,2021,14.626301369863015,10.53041095890411,19.263561643835615,1316.4,2172.3,365,62.003013698630134,5180.95,1517.6,0.0,15.342191780821917,20.615420560747662,1120.9,54,82,0,11,2
105.0,2022,14.78876712328767,10.694794520547944,19.34849315068493,1465.5,2314.6,365,58.841369863013696,5216.62,1595.7,0.0,15.098904109589043,21.44485981308411,1291.7,72,107,0,16,2
105.0,2023,15.514246575342465,11.442465753424658,20.042191780821916,1568.3,2341.4,365,60.03232876712329,5011.09,1578.1,0.0,15.663911845730027,21.695794392523364,1172.9,53,97,0,21,3
105.0,2024,15.313424657534245,11.624590163934426,19.493715846994537,1400.2,2261.3,366,64.45424657534247,4897.47,1477.7,0.0,15.121597633136096,22.25211267605634,1062.3,56,85,0,35,2
106.0,2019,13.452054794520548,9.613972602739725,17.426301369863015,1532.8,2400.6,365,62.809315068493156,0.0,0.0,0.0,,18.768691588785046,1340.7,54,116,3,3,3
106.0,2020,12.964207650273224,9.333606557377049,16.884153005464483,1322.4,2387.0,366,64.29918032786885,0.0,0.0,0.0,,17.97056074766355,1088.7,45,113,1,0,3
106.0,2021,13.554246575342466,9.772802197802198,17.605479452054794,1244.6,2383.1,365,66.39890410958904,0.0,0.0,0.0,,18.957943925233646,1099.2,52,111,2,0,2
106.0,2022,13.746849315068495,9.947671232876713,17.85945205479452,1101.4,2402.1,365,63.92082191780821,0.0,0.0,0.0,,19.55560747663551,939.3,68,124,0,5,1
106.0,2023,14.483013698630138,10.628493150684932,18.523287671232875,1356.7,2457.7,365,65.75260273972603,0.0,0.0,0.0,,20.057943925233644,957.1999999999999,51,126,0,8,3
106.0,2024,14.73791208791209,10.930327868852459,19.131147540983605,1275.0,2154.1,366,68.175,3831.11,1095.5,0.0,,21.14433962264151,917.0,58,107,0,17,1
108.0,2019,13.598904109589043,9.321095890410959,18.60219178082192,891.3,2542.2,365,56.806301369863014,5018.43,1493.5,8.48,14.670054945054945,20.900000000000002,739.3,88,141,3,15,0
108.0,2020,13.271857923497267,9.389617486338798,17.867213114754097,1651.1,2263.7,366,63.244535519125684,5116.25,1428.6,0.78,14.876712328767123,19.924766355140186,1396.5,80,139,1,4,4
108.0,2021,13.752054794520548,9.6760989010989,18.491780821917807,1186.5,2190.1,365,65.54520547945205,5151.69,1415.1,5.57,15.107945205479451,20.904205607476637,979.3000000000001,70,122,0,18,0
108.0,2022,13.296164383561646,9.259779614325069,18.07780821917808,1775.3,2325.2,365,64.51095890410959,5325.9,1454.3,0.17,15.10931506849315,21.036448598130843,1564.3999999999999,89,144,0,10,6
108.0,2023,14.109041095890412,10.226519337016574,18.8,1598.8,2224.0,365,66.68164383561644,5186.0,1413.5,22.05,15.394520547945206,21.452803738317755,1371.6,85,140,0,19,2
108.0,2024,14.875409836065574,10.975136612021858,19.539890710382515,1311.4,2231.9,366,65.85464480874317,5235.59,1480.2,10.05,15.974590163934426,22.50467289719626,1122.2,80,121,0,33,2
112.0,2019,13.252054794520548,10.10524861878453,17.11835616438356,919.5,2672.9,365,65.23178082191781,5279.95,1470.3,163.29,14.143561643835616,20.215420560747667,749.4,73,124,0,9,1
112.0,2020,12.855737704918033,9.850546448087432,16.344535519125685,1311.9,2616.5,366,66.43825136612023,5154.45,1408.8,150.72,14.218852459016395,19.17056074766355,1114.7,66,121,0,1,3
112.0,2021,13.412876712328767,10.088461538461537,17.176712328767124,1071.8,2573.3,365,61.82904109589041,5146.24,1504.4,179.14,14.456593406593406,20.3696261682243,864.4,69,102,0,8,1
112.0,2022,12.646703296703295,9.39972602739726,16.361369863013696,1620.5,2472.1,365,65.84958904109588,5496.68,1427.5,111.97,14.297260273972602,19.927570093457945,1433.5,90,115,0,2,7
112.0,2023,13.463561643835616,10.298626373626373,17.192054794520548,1331.4,2346.5,365,68.71561643835616,5324.94,1376.0,147.17,14.618356164383561,20.679439252336447,1134.7,82,119,0,3,2
112.0,2024,14.251912568306011,11.06584699453552,18.02622950819672,1060.8,2414.7,366,69.91612021857924,5492.42,1423.4,93.56,15.425409836065572,21.57897196261682,894.3,77,114,0,13,1
114.0,2019,13.021095890410958,8.262809917355373,18.368219178082192,771.9,2359.3,365,59.49589041095891,5228.79,1348.4,0.0,,20.152803738317758,614.9,97,155,5,14,0
114.0,2020,12.780054644808743,8.206830601092896,17.96311475409836,1317.0,2279.5,366,62.031967213114754,5071.69,1284.6,0.0,,19.39018691588785,1144.2,94,158,4,6,1
114.0,2021,12.99835616438356,8.290109890109889,18.353021978021978,1113.0,2286.3,365,64.50219178082192,5166.86,1274.3,0.0,,19.929439252336447,966.4,89,163,0,16,1
114.0,2022,12.504109589041096,7.784573002754821,17.798904109589042,1394.0,2401.0,365,62.48438356164383,5327.88,1307.8,0.0,,20.093457943925234,1254.1,99,171,3,8,2
114.0,2023,13.501648351648353,8.741095890410959,18.71780821917808,1391.7,2303.2,365,64.04065934065933,5255.19,1313.4,0.0,,20.651173708920187,1202.5,99,155,2,16,2
114.0,2024,14.552732240437159,10.168493150684931,19.55273224043716,1374.5,2260.1,366,65.38306010928962,5263.0,1329.5,0.0,,22.012149532710282,1196.9,82,139,0,30,1
115.0,2019,13.767671232876712,11.200547945205479,16.914794520547943,1367.4,2371.6,365,68.22465753424657,3479.29,1198.7,300.13,14.842307692307694,19.014953271028038,932.9,20,86,2,0,2
115.0,2020,13.457650273224044,11.01448087431694,16.518852459016394,1462.0,1948.8,366,72.97431693989071,4954.9,1338.6,504.51,14.565573770491802,18.599532710280375,839.9,18,76,0,0,1
115.0,2021,13.5900826446281,11.048076923076923,16.776438356164384,1533.0,1860.1,365,75.61342465753425,5017.16,1294.0,341.01,14.853150684931506,19.007075471698112,1090.6,40,81,0,0,2
115.0,2022,13.630410958904111,10.979178082191781,16.89205479452055,1211.4,1922.2,365,73.95753424657535,5218.51,1361.5,258.35,14.68901098901099,19.482242990654203,868.1,40,97,0,0,1
115.0,2023,14.666575342465753,11.968493150684932,17.861369863013696,1527.4,1986.2,365,74.86187845303867,5000.5,1328.3,364.3,15.23434065934066,20.346261682242993,951.5,32,85,0,1,2
115.0,2024,14.732328767123288,12.237704918032787,17.748360655737702,1953.6000000000001,1904.1,366,77.95561643835616,4772.71,1258.1,314.27,15.459178082191782,20.895774647887325,1228.9,21,77,0,3,3
119.0,2019,13.261917808219179,8.354670329670329,18.910958904109588,915.8,2475.0,365,69.50739726027398,5097.62,1326.1,48.67,,20.458878504672896,722.9,108,137,5,16,2
119.0,2020,12.940710382513661,8.620936639118458,18.01448087431694,1635.5,2444.2,366,75.73032786885246,5037.87,1193.4,25.78,,19.524766355140187,1434.4,88,156,4,5,7
119.0,2021,13.447945205479453,8.862534435261708,18.681643835616438,1084.4,2434.7,365,72.15714285714286,5065.52,1276.4,43.33,,20.60934579439252,831.3000000000001,81,149,0,19,0
119.0,2022,12.82986301369863,8.204945054945055,18.083835616438357,1863.8,2565.3,365,68.44246575342466,5251.92,1351.6,25.45,,20.540654205607474,1710.3,102,148,3,10,6
119.0,2023,13.474725274725275,8.875206611570247,18.67041095890411,1409.4,2345.4,365,69.42383561643835,5261.02,1349.3,48.98,11.621686746987953,20.638317757009347,1181.8,97,134,1,15,3
119.0,2024,14.133060109289618,9.73879781420765,19.189890710382514,1378.2,2337.4,366,69.98836565096953,5329.33,1373.1,16.7,15.528415300546447,21.572429906542055,1149.4,94,131,0,29,2
121.0,2019,12.163561643835616,6.745179063360881,18.754794520547946,830.4,2117.2,365,67.76438356164384,0.0,0.0,0.0,,19.083644859813084,678.0,118,158,11,14,0
121.0,2020,11.97704918032787,6.811232876712329,18.43032786885246,1344.1,2225.0,366,68.48907103825137,0.0,0.0,0.0,,18.375700934579438,1164.2,113,169,8,9,1
121.0,2021,12.20934065934066,7.044628099173553,18.584109589041095,1106.4,2195.5,365,69.36876712328767,0.0,0.0,0.0,,18.759345794392523,945.6,99,157,3,19,0
121.0,2022,11.687671232876712,6.251933701657458,18.41123287671233,1288.7,2275.2,365,67.05698630136986,0.0,0.0,0.0,,19.065887850467288,1146.9,113,158,8,14,2
121.0,2023,12.50467032967033,7.154120879120879,19.05013698630137,1507.5,2264.7,365,68.79313186813187,0.0,0.0,0.0,,19.39392523364486,1321.9,116,150,4,22,2
121.0,2024,13.354371584699454,8.426997245179063,19.610109289617487,1316.7,2282.7,366,70.06857923497267,0.0,0.0,0.0,,20.522429906542058,1150.3,102,132,0,30,1
127.0,2019,12.363013698630137,6.918005540166205,18.644109589041097,795.5,2261.9,365,67.90027397260273,0.0,0.0,0.0,,19.686448598130838,622.4,121,150,8,16,0
127.0,2020,12.19205479452055,6.964187327823692,18.154371584699454,1446.5,2222.0,366,70.05327868852459,0.0,0.0,0.0,,18.88177570093458,1262.6,116,164,14,8,2
127.0,2021,12.48027397260274,7.19532967032967,18.444383561643836,1365.5,2260.8,365,70.30493150684931,321.41,61.5,0.0,,19.595794392523363,1208.6,107,138,4,18,2
127.0,2022,11.91095890410959,6.315659340659341,18.12986301369863,1464.2,2418.5,365,68.36904109589041,5322.09,1307.4,0.0,,19.754205607476635,1279.7,122,150,7,13,4
127.0,2023,13.008241758241759,7.582920110192838,19.021095890410958,1661.6000000000001,2217.7,365,69.26493150684932,5244.54,1323.4,0.0,,20.28411214953271,1471.5,112,141,5,22,4
127.0,2024,13.806010928961749,8.80109589041096,19.55109289617486,1448.0,2171.6,366,70.83633879781421,5218.95,1333.7,0.0,,21.475233644859813,1222.6,104,123,0,34,3
129.0,2019,12.662880886426594,7.537292817679558,18.377260273972603,915.0,2491.2,365,72.17839335180055,5395.21,1335.2,0.0,,19.50616113744076,678.0,112,149,9,9,0
129.0,2020,12.627868852459017,8.064657534246574,18.03743169398907,1488.7,2385.3,366,72.59754098360656,5186.59,1280.5,0.0,,18.870093457943923,1265.7,97,155,11,5,4
129.0,2021,13.209315068493149,8.406849315068493,18.82712328767123,1207.3,2418.5,365,73.46164383561644,5201.83,1314.3,0.0,,19.989719626168224,915.1,87,131,1,19,1
129.0,2022,12.36109589041096,7.573972602739726,17.628493150684932,1570.7,2318.2,365,73.14903581267217,5433.4,1313.9,0.0,,19.626168224299064,1380.5,114,133,6,6,6
129.0,2023,13.390958904109588,8.69068493150685,18.54904109589041,1529.7,2220.9,365,73.32191780821918,5258.4,1315.7,0.0,12.561797752808989,20.41635514018692,1263.3,102,127,4,16,3
129.0,2024,14.121311475409835,9.640710382513662,19.18032786885246,1806.1,2228.4,366,75.31010928961749,5309.73,1312.3,0.0,15.915342465753426,21.32336448598131,1581.0,95,120,1,24,5
130.0,2019,13.942582417582418,9.665753424657535,18.73068493150685,1581.2,2529.2,365,66.36071428571428,0.0,0.0,0.0,,19.4150234741784,1388.0,69,109,4,8,3
130.0,2020,13.336164383561643,9.137978142076502,18.073224043715847,1336.2,2462.3,366,67.04752747252748,0.0,0.0,0.0,,18.569014084507042,1109.9,57,112,4,6,2
130.0,2021,13.5,9.187671232876712,18.15945205479452,1158.9,2387.1,365,69.22849315068494,0.0,0.0,0.0,,19.076168224299067,1018.3,65,86,1,0,2
130.0,2022,13.343406593406593,9.094246575342465,18.111780821917808,1100.0,2505.0,365,64.51868131868132,0.0,0.0,0.0,,19.507511737089203,799.4,79,105,0,9,2
130.0,2023,14.145205479452056,9.912876712328767,18.6786301369863,1317.0,2560.4,365,66.05534246575343,0.0,0.0,0.0,,19.897196261682243,1013.1,71,99,0,4,3
130.0,2024,14.472131147540985,10.494535519125684,18.88551912568306,1017.3,2407.2,366,69.89508196721312,0.0,0.0,0.0,,20.69859813084112,770.5,65,98,0,13,0
131.0,2019,14.253424657534246,9.744109589041095,19.38191780821918,856.7,2432.2,365,60.95698630136986,5453.19,1436.1,30.83,,21.386915887850467,688.3,86,131,3,22,1
131.0,2020,13.97896174863388,9.738251366120219,18.904371584699454,1358.6,2319.9,366,62.86967213114754,5372.2,1400.0,24.990000000000002,,20.521962616822428,1165.7,67,136,0,16,0
131.0,2021,14.398082191780823,10.020604395604396,19.37095890410959,1001.6,2372.2,365,62.4841095890411,5345.83,1424.0,37.1,,21.386915887850467,843.8,66,113,0,24,0
131.0,2022,13.977260273972602,9.719113573407203,19.08876712328767,1238.8,2552.0,365,59.383835616438354,5567.93,1492.8,10.5,,21.58364485981308,1096.8999999999999,86,116,0,24,1
131.0,2023,14.903287671232876,10.465479452054796,19.887945205479454,1805.6,2170.2,365,60.62630136986301,5384.4800000000005,1446.7,13.69,,22.05607476635514,1617.2,83,107,0,28,4
131.0,2024,15.593150684931507,11.50327868852459,20.39945355191257,1534.9,2115.7,366,62.55808219178083,5434.88,1489.0,28.41,,23.119248826291077,1330.9,60,105,0,46,4
133.0,2019,14.062465753424657,9.27095890410959,19.551780821917806,984.2,2474.3,365,68.52219178082191,5744.1,1408.2,58.69,15.922191780821919,21.012149532710282,781.5,96,134,4,18,1
133.0,2020,13.772404371584699,9.252732240437158,19.166939890710385,1614.0,2394.5,366,70.76393442622951,5523.26,1342.7,28.92,16.168306010928962,20.16635514018692,1374.0,79,153,2,13,2
133.0,2021,14.30082191780822,9.60109589041096,19.736164383561643,1109.5,2354.3,365,71.94054794520548,5005.07,1243.7,40.2,16.182739726027396,21.098130841121495,930.5,75,131,0,21,0
133.0,2022,13.580821917808219,8.59041095890411,19.443013698630136,1203.1,2342.9,365,62.31753424657535,5533.4,1503.9,13.3,16.096712328767122,21.0196261682243,1066.0,99,132,2,22,2
133.0,2023,14.105205479452053,9.273553719008264,19.83178082191781,2042.5,2309.9,365,64.49835616438355,5409.97,1416.4,32.230000000000004,16.771153846153847,21.013084112149535,1820.5,96,127,2,25,6
133.0,2024,14.942349726775955,10.435616438356165,20.349180327868854,1360.5,2281.2,366,68.03852459016393,5422.76,1437.5,41.22,17.322527472527472,22.271962616822428,1122.6,77,115,0,43,3
135.0,2019,12.464383561643835,7.146301369863014,17.909041095890412,1164.1000000000001,2549.1,365,62.477260273972604,5414.47,1571.1,0.0,,19.06448598130841,1029.2,108,141,11,7,1
135.0,2020,12.068306010928962,7.141803278688525,17.385792349726774,1554.0,2167.5,366,64.83934426229509,5395.45,1492.6,0.0,,18.210747663551402,1352.4,100,143,7,1,1
135.0,2021,12.283835616438358,7.247802197802197,17.823076923076925,1129.1,2121.8,365,66.91232876712328,5317.11,1434.8,0.0,,18.656542056074766,965.2,90,105,6,5,0
135.0,2022,12.098626373626372,6.703030303030302,17.667123287671235,928.6,2337.0,365,63.39534246575342,5641.2,1551.6,0.0,,19.16915887850467,801.5,115,117,8,6,1
135.0,2023,12.850549450549451,7.5380165289256205,18.43068493150685,1551.5,2285.1,365,67.03397260273972,5482.28,1478.0,0.0,,19.492990654205606,1333.9,110,115,6,8,3
135.0,2024,13.53688524590164,8.709041095890411,18.8051912568306,1231.5,2229.0,366,69.90792349726776,5340.53,1447.2,0.0,,20.572429906542055,983.6,99,108,0,20,3
136.0,2019,12.944931506849315,7.577961432506887,19.009315068493148,867.8,2550.3,365,65.34164383561644,5603.51,1454.1,218.82,,19.789719626168225,746.6,112,146,8,13,1
136.0,2020,12.594535519125683,7.440771349862259,18.564480874316942,1211.8,2488.0,366,65.94918032786886,5487.72,1416.7,105.52,,19.036448598130843,1055.7,105,160,8,13,0
136.0,2021,12.761917808219179,7.682093663911846,18.68958904109589,974.0,2414.5,365,66.88767123287671,5369.12,1367.2,193.5,,19.428971962616824,809.0,96,125,3,19,0
136.0,2022,12.628767123287671,7.0090659340659345,18.83095890410959,655.7,2635.6,365,62.15424657534246,5739.42,1504.4,86.02,,20.120093457943923,536.2,118,140,6,20,0
136.0,2023,13.426923076923076,7.931680440771349,19.4386301369863,1518.7,2358.9,365,67.83205479452054,5636.56,1423.9,157.09,,20.321495327102806,1355.8,105,130,5,18,3
136.0,2024,14.258082191780822,9.096994535519126,19.97704918032787,1070.6,2285.3,366,70.898087431694,5551.45,1405.4,136.62,,21.562149532710283,914.1999999999999,97,120,0,46,2
137.0,2019,13.493972602739726,8.35917808219178,19.244657534246574,1062.5,2310.5,365,66.70191780821918,4987.44,0.0,0.0,,20.187383177570094,933.8,102,141,5,16,2
137.0,2020,13.13551912568306,8.248907103825136,18.847267759562843,1563.7,2271.9,366,69.13934426229508,5300.96,0.0,0.0,,19.428504672897194,1380.3,87,147,4,12,1
137.0,2021,13.254246575342465,8.348351648351649,19.07041095890411,1230.8,2238.5,365,71.21260273972602,5244.67,85.0,0.0,,19.794859813084113,1065.2,86,135,3,16,0
137.0,2022,13.324109589041097,8.237569060773481,19.313972602739728,891.1999999999999,2410.6,365,63.978630136986304,5548.84,1422.2,0.0,,20.64766355140187,749.9,101,137,4,25,0
137.0,2023,13.927671232876714,8.801923076923076,19.89232876712329,1670.6,2331.0,365,67.34904109589041,5511.9,1381.7,0.0,,20.80514018691589,1449.6,96,134,4,24,3
137.0,2024,14.638797814207651,9.932513661202186,20.133879781420767,1469.9,2311.0,366,70.03142076502732,5486.44,1362.7,0.0,,21.85841121495327,1238.9,82,115,0,47,2
138.0,2019,15.570136986301371,11.862739726027396,19.840273972602738,1425.1,2539.3,365,63.99315068493151,5093.04,1498.7,0.0,16.66904109589041,21.436915887850468,1282.3,36,94,0,19,2
138.0,2020,15.090983606557378,11.437431693989073,19.381420765027322,1238.9,2557.2,366,63.23387978142076,5184.7,1539.4,0.22,16.596448087431696,20.69766355140187,976.9,29,95,0,22,3
138.0,2021,15.212876712328766,11.59835616438356,19.247397260273974,1405.7,2494.2,365,64.27123287671233,5187.57,1489.1,2.09,16.66813186813187,21.02710280373832,1243.0,48,86,0,9,1
138.0,2022,15.136164383561644,11.303287671232876,19.572054794520547,1061.6,2640.0,365,60.65150684931507,5480.57,1629.8,2.58,16.513698630136986,21.59906542056075,899.7,63,96,0,23,1
138.0,2023,15.747671232876712,12.027123287671232,19.90958904109589,1112.2,2466.7,365,60.474794520547945,5497.57,1683.3,7.0,16.96181318681319,21.726635514018692,896.0999999999999,42,77,0,22,1
138.0,2024,16.1551912568306,12.69016393442623,20.07704918032787,1089.4,2346.5,366,63.880874316939895,5378.43,1630.6,17.84,17.461475409836066,22.58785046728972,799.0,29,71,0,29,2
140.0,2019,13.583241758241758,9.344657534246576,18.485205479452055,1008.1,2478.0,365,75.0728021978022,0.0,0.0,0.0,,19.97570093457944,784.1,88,124,5,10,1
140.0,2020,13.453296703296703,9.453551912568306,18.237978142076503,1664.8,2325.3,366,75.14587912087912,0.0,0.0,0.0,,19.410798122065728,1457.5,69,114,3,5,3
140.0,2021,13.961813186813188,9.895329670329671,18.944383561643836,1151.7,2390.1,365,75.33681318681319,0.0,0.0,0.0,,20.339906103286385,920.8,61,88,0,8,0
140.0,2022,13.220718232044199,8.96620879120879,18.164835164835164,1043.1,2371.0,365,72.48895027624309,0.0,0.0,0.0,,20.28388625592417,830.6,98,125,4,6,2
140.0,2023,13.956986301369863,9.721917808219178,18.936438356164384,2120.8,2302.9,365,73.52657534246576,0.0,0.0,0.0,,20.710280373831775,1850.1,90,120,1,12,4
140.0,2024,14.771311475409837,10.828688524590165,19.446994535519128,1477.5,2202.9,366,76.47677595628416,0.0,0.0,0.0,,21.71822429906542,1161.1,71,107,0,27,3
143.0,2019,14.893424657534247,9.993150684931507,20.397260273972602,995.7,2440.5,365,60.65013698630137,5287.2699999999995,1553.4,19.77,,21.38271028037383,896.5,76,129,2,29,1
143.0,2020,14.545901639344264,9.809562841530056,20.009016393442625,1244.9,2420.8,366,63.39180327868853,5556.63,1577.9,13.59,,20.707476635514016,1083.1,61,121,2,31,2
143.0,2021,14.661095890410959,9.892876712328768,20.28876712328767,910.0,2380.7,365,65.40493150684931,5507.68,1534.8,1.58,,21.04859813084112,740.5,68,127,0,23,0
143.0,2022,14.771232876712329,9.709041095890411,20.498356164383562,580.9,2591.3,365,63.60767123287671,5799.0,1617.7,4.25,,21.83691588785047,496.4,85,122,1,45,1
143.0,2023,15.175342465753424,10.271780821917808,20.76027397260274,1321.8,2423.9,365,63.34917582417582,5476.58,1585.9,4.59,,21.681308411214953,1150.3,76,103,0,27,2
143.0,2024,15.850000000000001,11.265300546448088,21.22986301369863,1156.4,2339.3,366,64.70628415300547,5469.17,1606.1,15.850000000000001,,22.80747663551402,955.6,62,92,0,53,2
146.0,2019,14.225479452054795,9.792602739726028,19.590958904109588,968.9,2319.3,365,74.02931506849315,5529.66,1320.5,35.88,,20.752336448598133,794.9,78,142,4,17,0
146.0,2020,13.99207650273224,9.736338797814208,19.253551912568305,1780.8,2239.2,366,68.61010928961748,5193.35,1312.2,30.380000000000003,,20.05700934579439,1545.1,63,158,2,16,5
146.0,2021,14.618630136986301,10.202747252747253,19.98301369863014,1496.6,2268.6,365,68.28246575342466,5098.65,1322.4,57.5,,21.092056074766354,1271.3999999999999,56,138,0,20,1
146.0,2022,14.082465753424659,9.575068493150685,19.496164383561645,1071.5,2397.2,365,66.1090410958904,5328.42,1375.7,29.79,,21.14626168224299,866.9,89,125,1,15,3
146.0,2023,14.869315068493151,10.396438356164383,20.183013698630138,1986.6,2350.9,365,68.0304109589041,5122.64,1345.3,58.17,,21.522429906542058,1687.0,78,119,1,21,3
146.0,2024,15.761475409836065,11.62049180327869,20.783060109289618,1357.9,2330.6,366,71.0846994535519,5132.64,1345.2,19.44,,22.75607476635514,1061.6,55,111,0,46,2
152.0,2019,14.994246575342466,10.789041095890411,19.807397260273973,1450.1,2605.8,365,66.00739726027398,0.0,0.0,5.08,,20.60373831775701,1283.3,50,120,1,8,5
152.0,2020,14.622131147540983,10.605464480874316,19.31912568306011,1557.9,2547.6,366,67.25054644808743,0.0,0.0,11.59,,20.005140186915888,1240.6000000000001,37,106,0,11,4
152.0,2021,14.927397260273972,10.819452054794521,19.60767123287671,1337.0,2502.6,365,68.27671232876712,0.0,0.0,5.92,,20.546728971962615,1095.5,49,87,0,7,2
152.0,2022,14.74931506849315,10.57945205479452,19.56931506849315,926.1,2614.9,365,61.44794520547945,0.0,0.0,3.69,,20.926168224299065,812.9,68,104,0,10,1
152.0,2023,15.073424657534247,10.854794520547944,19.88054794520548,1642.9,2392.3,365,63.85123287671233,5289.6,1476.1,7.529999999999999,,20.83504672897196,1345.5,57,98,0,6,3
152.0,2024,15.561202185792348,11.588251366120218,20.1551912568306,1298.0,2326.0,366,66.95300546448087,5457.6,1512.7,13.62,,21.83411214953271,1002.6,46,94,0,23,1
155.0,2019,14.705205479452054,10.605753424657534,19.706301369863013,1587.0,2416.5,365,61.96602739726027,4946.93,1317.4,18.0,,20.553271028037383,1406.8,57,104,1,9,5
155.0,2020,14.410109289617488,10.477868852459016,19.300819672131148,1672.8,2416.5,366,62.37213114754098,5264.48,1400.0,21.52,,20.021495327102805,1396.2,43,97,0,8,4
155.0,2021,14.927123287671233,10.796438356164384,19.962739726027397,1710.6,2463.6,365,62.544657534246575,5333.49,1394.8,18.17,,20.92102803738318,1426.4,53,85,0,13,4
155.0,2022,14.712876712328766,10.525479452054794,19.778082191780822,1049.9,2530.3,365,58.29424657534247,5478.84,1473.7,3.51,,21.15607476635514,856.8,70,101,0,12,3
155.0,2023,15.221917808219178,11.157300275482093,20.203287671232875,2161.1,2428.0,365,64.00191780821918,5215.74,1363.8,31.56,,21.33177570093458,1876.0,59,112,0,17,6
155.0,2024,16.233060109289617,12.338524590163933,21.083333333333332,2016.8,2367.5,366,67.36502732240437,5403.0,1445.8,9.32,,22.736448598130842,1598.3,43,84,0,45,4
156.0,2019,14.720273972602739,10.547123287671232,20.01753424657534,1085.9,2290.1,365,69.06219178082192,5561.69,1361.6,10.79,,20.955607476635514,944.2,59,105,2,12,2
156.0,2020,14.511475409836065,10.528688524590164,19.588251366120218,2027.0,2225.1,366,70.898087431694,5514.17,1340.6,23.92,,20.273831775700938,1813.8,49,94,1,13,4
156.0,2021,15.2010989010989,10.886027397260275,20.4027397260274,1303.8,2214.9,365,72.61945205479452,5490.21,1322.3,13.23,,21.36822429906542,1024.4,49,91,0,14,1
156.0,2022,14.85232876712329,10.574246575342466,20.240000000000002,769.9,2362.2,365,69.05589041095891,5707.65,1378.7,1.25,,21.67102803738318,584.4,76,120,0,19,0
156.0,2023,15.338630136986302,11.156868131868132,20.546027397260275,2116.1,2209.5,365,74.0095890410959,5497.64,1310.2,9.14,,21.66588785046729,1887.6,64,113,0,20,6
156.0,2024,15.972950819672132,11.971038251366119,20.940983606557378,1291.0,2187.7,366,75.23907103825137,5414.45,1301.4,10.2,,22.702803738317755,992.8,40,97,0,37,1
159.0,2019,15.751506849315069,12.530958904109589,19.876164383561644,1623.2,2691.3,365,62.77589041095891,5808.16,1652.7,20.91,17.23369863013699,20.981308411214954,1419.5,25,96,0,3,5
159.0,2020,15.205464480874316,11.954644808743168,19.446174863387977,2281.6,2441.4,366,63.64535519125683,5693.25,1612.9,48.04,17.387978142076502,20.22943925233645,1953.7,20,99,0,4,9
159.0,2021,15.771232876712329,12.44986301369863,19.95917808219178,1807.8,2374.6,365,64.90630136986302,5714.17,1593.6,23.48,17.814520547945207,21.228037383177572,1542.6,37,70,0,3,5
159.0,2022,15.419452054794522,12.093698630136986,19.812328767123287,991.9,2491.2,365,63.71342465753425,5962.13,1647.8,13.49,17.78739726027397,21.243457943925236,781.8,50,86,0,1,2
159.0,2023,16.075068493150685,12.803296703296702,20.274520547945205,2191.4,2395.8,365,62.97300275482094,5704.92,1663.6,29.73,20.904383561643836,21.60934579439252,1874.7,37,94,0,9,6
159.0,2024,16.66912568306011,13.439890710382514,20.8931693989071,1945.7,2368.5,366,66.1,5791.47,1661.1,15.17,18.56758241758242,22.641121495327102,1566.9,21,85,0,22,3
162.0,2019,15.343561643835615,11.692876712328767,19.835616438356166,1684.6000000000001,2416.0,365,68.92739726027398,0.0,0.0,0.0,,20.672429906542053,1481.6,32,88,1,7,7
162.0,2020,14.974590163934426,11.46502732240437,19.353005464480873,2137.7000000000003,2412.7,366,72.64972527472527,0.0,0.0,0.0,,20.134112149532708,1810.4,32,84,0,2,8
162.0,2021,15.653150684931505,12.010684931506848,20.16849315068493,1800.1,2496.5,365,72.71236263736263,0.0,0.0,0.0,,21.270093457943926,1481.4,41,71,0,7,6
162.0,2022,15.10934065934066,11.492602739726028,19.763287671232877,987.8,2579.8,365,68.80274725274725,0.0,0.0,0.0,,21.066197183098595,801.8,59,82,0,2,2
162.0,2023,15.588705234159779,11.932506887052341,20.138567493112948,2134.3,2272.6,365,70.79063360881543,5197.49,1368.4,0.0,,21.1392523364486,1848.4,45,86,0,7,5
162.0,2024,16.15576923076923,12.589863013698631,20.60464480874317,1936.5,2307.1,366,71.28516483516484,5494.37,1442.6,0.0,,22.14929577464789,1553.9,31,94,0,24,4
165.0,2019,14.387123287671233,11.159178082191781,18.267397260273974,1248.4,2390.7,365,72.28821917808219,5362.82,1394.6,58.61,16.506027397260272,20.530841121495328,1111.7,47,94,0,6,2
165.0,2020,14.004918032786886,11.075409836065573,17.494535519125684,1427.7,2318.6,366,74.0396174863388,5266.84,1360.8,101.11,15.772677595628416,19.763551401869158,1265.6,39,69,0,2,4
165.0,2021,15.183241758241758,11.825753424657533,18.96246575342466,1101.0,2443.1,365,73.4276712328767,5456.7699999999995,1443.2,103.57,16.39643835616438,21.243457943925236,830.5,42,63,0,2,1
165.0,2022,14.353150684931506,11.157260273972604,18.287123287671232,739.9,2319.2,365,72.03397260273972,5721.27,1503.2,48.08,16.220604395604397,20.853271028037383,596.3,68,113,0,4,2
165.0,2023,14.966301369863013,11.642465753424657,18.867397260273975,1577.9,2119.2,365,75.18164383561644,5377.06,1406.0,73.6,16.55945205479452,21.205607476635514,1351.6,55,105,0,9,3
165.0,2024,15.75382513661202,12.657103825136613,19.502185792349728,1285.2,2127.6,366,77.21693989071039,5399.04,1402.2,38.37,17.113387978142075,22.14252336448598,977.3,29,87,0,17,1
168.0,2019,15.435616438356165,12.513424657534246,19.085753424657536,1529.9,2556.9,365,67.40602739726027,5007.33,1496.8,29.2,16.7227397260274,20.934579439252335,1364.0,30,59,0,3,6
168.0,2020,15.07158469945355,12.203005464480874,18.583879781420766,1751.9,2504.9,366,67.76065573770492,4921.4,1518.2,99.32,16.6275956284153,20.319626168224296,1527.8,18,44,0,0,5
168.0,2021,15.721917808219178,12.79205479452055,19.267945205479453,1571.2,2642.2,365,67.28712328767124,5205.83,1590.7,24.11,16.919452054794522,21.476635514018692,1365.5,37,51,0,3,4
168.0,2022,15.152876712328768,12.195342465753425,18.831232876712328,1067.4,2522.0,365,63.09698630136987,5926.07,1781.9,44.37,17.073972602739726,21.233644859813083,854.0,49,76,0,0,3
168.0,2023,15.610714285714286,12.61917808219178,19.187397260273972,1935.4,2331.9,365,68.64203296703297,5509.69,1566.8,131.73,17.169972451790635,21.39158878504673,1657.2,37,75,0,3,3
168.0,2024,16.294262295081968,13.449726775956286,19.750273224043717,1710.4,2385.4,366,69.35300546448087,5695.55,1662.4,35.46,17.848219178082193,22.4714953271028,1317.9,20,54,0,12,4
169.0,2019,13.991643454038996,11.691735537190084,17.417079889807162,1079.1,2103.4,363,77.11570247933884,5289.41,1334.4,606.98,,18.872115384615384,957.6,8,32,0,0,1
169.0,2020,14.118032786885246,11.810928961748635,17.45846994535519,1187.2,1984.1,366,80.17923497267759,4478.6,1182.0,863.76,,18.55841121495327,1028.9,7,32,0,1,0
169.0,2021,15.292328767123287,12.795342465753425,18.765479452054795,919.5,2097.7,365,79.74958904109589,5234.94,1331.7,442.79,,20.463551401869157,699.0,17,40,0,0,1
169.0,2022,14.01510989010989,11.697534246575344,17.377534246575344,668.2,2015.7,365,79.16923076923077,5084.37,1271.5,582.61,,19.2868544600939,527.2,18,61,0,0,0
169.0,2023,14.36054794520548,11.868767123287672,17.693150684931506,1366.9,1946.4,365,81.45342465753424,4848.62,1188.4,839.79,,19.466355140186916,1155.7,18,46,0,0,1
169.0,2024,15.778142076502732,13.293169398907104,19.3396174863388,1102.9,2145.1,366,79.15765027322405,5417.71,1434.9,510.47,,21.385981308411218,775.3,6,10,0,25,1
170.0,2019,14.99638888888889,11.27190082644628,19.50358126721763,1678.8,2144.4,363,70.99000000000001,0.0,0.0,0.0,,20.573809523809523,1484.5,35,101,0,1,6
170.0,2020,14.90983606557377,11.306010928961749,19.137431693989072,1580.7,2144.0,366,72.28770491803279,0.0,0.0,0.0,,20.095794392523363,1357.9,27,100,1,4,3
170.0,2021,15.599724517906335,11.93013698630137,19.95671232876712,1607.2,2289.8,365,72.6305785123967,0.0,0.0,0.0,,21.25,1285.0,39,80,0,2,4
170.0,2022,15.195867768595042,11.445753424657534,19.883013698630137,704.4,2317.5,365,69.10468319559229,0.22,0.0,0.0,,21.33066037735849,536.1,48,98,0,4,1
170.0,2023,15.688674033149171,11.9510989010989,20.25068493150685,1715.3,2218.4,365,74.25524861878453,0.0,0.0,0.0,,21.506132075471697,1385.1,38,91,0,5,4
170.0,2024,16.619607843137253,12.691436464088397,21.52099447513812,1963.7,2140.7,366,74.51322314049587,4438.06,1238.1,0.0,,22.685915492957747,1484.5,22,87,0,48,5
172.0,2019,13.404972375690608,8.63890410958904,18.981369863013697,1099.5,2318.1,365,75.95552486187846,4542.16,1178.4,0.0,,19.74170616113744,958.1999999999999,100,142,9,9,1
172.0,2020,13.34191780821918,8.930054644808743,18.660109289617488,1554.7,2148.5,366,76.76493150684932,4007.55,1093.0,0.0,,19.28317757009346,1325.2,80,135,9,8,3
172.0,2021,13.969252077562325,9.240384615384615,19.55054945054945,1238.5,2148.0,364,72.72382271468143,5480.99,1503.9,0.0,,20.470616113744075,963.7,74,115,3,17,0
172.0,2022,13.374520547945204,8.506849315068493,19.026301369863013,753.9,2192.9,365,69.5986301369863,5797.13,1596.5,0.0,,20.400000000000002,539.9,104,143,7,9,0
172.0,2023,13.418443804034581,8.574785100286533,19.140114613180515,1232.0,2078.9,350,70.90461095100865,5154.4,1442.0,0.0,,20.17091836734694,989.9,95,120,5,17,3
172.0,2024,14.670170454545454,10.179261363636364,19.911931818181817,1129.2,2002.4,354,76.99431818181819,5044.55,1341.4,0.0,,21.956999999999997,848.9,79,100,0,39,0
174.0,2019,13.166481994459835,7.906301369863014,19.340273972602738,1568.2,2254.8,365,74.46675900277009,0.0,0.0,0.0,,19.254976303317537,1414.6,103,141,9,6,4
174.0,2020,13.084931506849315,8.086301369863014,18.94207650273224,1906.1000000000001,2090.9,366,74.00219178082192,0.0,0.0,0.0,,18.822429906542055,1686.8,93,142,10,8,3
174.0,2021,13.555068493150685,8.24587912087912,19.861369863013696,1320.9,2163.4,365,75.56630136986301,0.0,0.0,0.0,,19.825233644859814,1040.4,86,143,3,6,2
174.0,2022,13.237260273972604,7.773698630136987,19.60054794520548,987.0,2247.8,365,69.88520547945205,0.0,0.0,0.0,,19.91822429906542,816.6,112,140,5,10,3
174.0,2023,13.528846153846153,8.286538461538463,19.839726027397262,2139.5,2097.7,365,76.09807692307693,0.0,0.0,0.0,,19.758215962441316,1825.8,106,115,6,9,4
174.0,2024,13.862021857923498,8.920218579234973,19.720491803278687,1970.6000000000001,2093.8,366,78.12732240437158,0.0,0.0,0.0,,20.32663551401869,1585.9,89,108,0,9,5
175.0,2019,10.896279069767441,7.665596330275229,16.1848623853211,787.2,1345.5,218,72.75913461538461,0.0,0.0,0.0,,17.1552,686.0,62,74,4,0,3
177.0,2019,12.785205479452056,7.6475274725274724,18.348767123287672,922.3,2436.5,365,73.73369863013698,5281.55,1257.2,153.73,,19.6196261682243,712.9,113,136,10,8,1
177.0,2020,12.812568306010927,8.031967213114754,18.062295081967214,1609.7,2356.9,366,73.75081967213114,5163.53,1241.4,120.58,,19.151401869158878,1377.5,97,150,12,3,5
177.0,2021,13.292602739726028,8.48950276243094,18.743561643835616,1242.8,2341.8,365,74.97342465753424,5160.14,1248.3,182.15,,20.05560747663551,979.2,82,139,2,12,2
177.0,2022,12.746301369863012,7.659890109890109,18.245479452054795,1389.6,2511.0,365,73.15041095890412,5391.41,1319.8,121.81,,20.10373831775701,1219.2,104,152,5,8,4
177.0,2023,13.799175824175823,8.785479452054794,19.04739726027397,1584.8,2406.6,365,75.67361111111111,5157.56,1271.1,122.26,,20.71448598130841,1320.5,101,136,3,15,3
177.0,2024,14.39398907103825,9.805205479452056,19.506284153005463,1722.8,2357.6,366,77.49098360655738,5177.55,1248.6,110.72,,21.530841121495328,1451.4,90,115,1,24,5
181.0,2022,13.358997050147492,7.623235294117647,19.546176470588236,1303.2,2169.8,340,69.80678466076697,5628.49,1440.2,0.0,,19.870093457943923,1156.5,97,132,7,16,1
181.0,2023,13.173698630136986,7.624657534246575,19.221643835616437,1746.5,2254.9,365,71.28876712328767,5747.41,1442.3,0.0,,20.38504672897196,1554.9,118,154,5,21,3
181.0,2024,13.632967032967032,8.645628415300546,19.396174863387976,1515.7,2219.3,366,73.39313186813186,5446.08,1363.3,0.0,,20.81084905660377,1303.1,111,127,1,19,3
184.0,2019,16.862191780821917,14.222465753424657,20.00794520547945,1979.8999999999999,1909.9,365,69.75506849315069,5007.0,1424.0,4.59,18.826575342465752,21.840186915887852,1786.6,0,32,0,6,8
184.0,2020,16.7448087431694,14.001366120218579,19.970765027322404,1389.5,1890.3,366,69.05792349726777,5004.37,1450.2,36.95,18.789863013698632,21.364485981308412,1103.7,2,45,0,14,2
184.0,2021,17.507123287671234,14.67123287671233,21.046575342465754,1627.7,1965.3,365,70.56986301369864,5080.15,1502.6,10.879999999999999,18.96246575342466,22.590186915887852,1282.0,6,44,0,12,4
184.0,2022,17.085479452054795,14.154246575342466,20.523561643835617,1075.8,2012.3,365,71.22931506849315,5121.15,1517.0,16.23,18.981369863013697,22.725233644859813,797.9,3,42,0,28,2
184.0,2023,17.507671232876714,14.53013698630137,21.09178082191781,1444.9,1936.1,365,69.33150684931506,4911.8,1525.3,8.42,19.091506849315067,22.81588785046729,1120.6,6,19,0,22,1
184.0,2024,18.17978142076503,15.425409836065572,21.38360655737705,1597.7,1754.8,366,67.34098360655737,4610.57,1554.0,4.47,19.63972602739726,23.7196261682243,859.3000000000001,3,18,0,42,2
185.0,2019,16.226849315068495,13.795890410958904,19.24904109589041,1560.9,2236.0,365,78.21424657534247,4772.36,1370.9,0.0,,20.880841121495326,1363.5,0,3,0,0,4
185.0,2020,16.07650273224044,13.603551912568305,18.971857923497268,1228.9,2189.8,366,79.18907103825137,4725.28,1388.6,0.0,,20.39158878504673,1009.8,4,6,0,0,2
185.0,2021,17.01890410958904,14.314520547945206,20.273972602739725,1387.9,2335.3,365,80.38164383561643,4915.36,1443.7,0.0,,21.794392523364486,1095.1,7,14,0,3,2
185.0,2022,16.419452054794522,13.973150684931506,19.435342465753422,1257.6,2387.5,365,77.37287671232876,5156.71,1525.4,0.0,,21.657009345794393,1029.5,5,17,0,1,4
185.0,2023,16.697808219178082,14.198630136986301,19.44767123287671,1400.0,1932.8,365,75.77753424657534,5154.32,1581.3,0.0,,21.516355140186917,1127.2,5,23,0,1,2
185.0,2024,17.32431693989071,15.009016393442623,19.963387978142077,1415.1,1871.8,366,76.8360655737705,5194.52,1612.0,0.0,,22.35514018691589,972.2,2,6,0,7,4
188.0,2019,16.133424657534245,12.512054794520546,19.887945205479454,2658.1,2187.6,365,70.78493150684932,0.0,2.3,0.0,,21.05093457943925,2291.1,3,19,1,0,10
188.0,2020,15.981147540983608,12.577049180327869,19.54398907103825,2116.2,2208.2,366,70.51830601092897,0.0,0.0,0.0,,20.601401869158877,1746.5,8,28,0,1,3
188.0,2021,16.774246575342467,13.365479452054794,20.386575342465754,2086.3,2244.6,365,71.83671232876712,0.0,0.0,0.0,,21.889719626168223,1608.5,18,28,0,0,5
188.0,2022,16.215342465753427,12.86054794520548,19.724657534246575,1555.0,1955.9,365,72.44219178082191,0.0,0.0,0.0,,21.739719626168224,1102.5,21,51,0,7,5
188.0,2023,16.765479452054795,13.304109589041095,20.424109589041095,2099.1,1971.8,365,75.74931506849315,0.0,0.0,0.0,,21.948130841121493,1722.2,15,32,0,0,4
188.0,2024,17.44016393442623,14.138251366120219,20.85928961748634,2455.3,1849.8,366,77.12486338797814,0.0,0.0,0.0,,22.949532710280373,1477.9,8,52,0,10,3
189.0,2019,17.3,14.44958904109589,20.585479452054795,2210.3,2239.9,365,77.75698630136986,0.0,0.0,58.089999999999996,,21.745794392523365,1969.9,0,10,0,0,7
189.0,2020,16.77021857923497,13.93551912568306,19.91393442622951,2089.6,2166.9,366,78.91775956284154,0.0,0.0,101.53,,20.92056074766355,1677.2,4,4,0,0,4
189.0,2021,17.476712328767125,14.698904109589042,20.732054794520547,2136.2,2313.0,365,75.95780821917808,0.0,0.0,19.400000000000002,,22.202803738317755,1804.6,9,17,0,0,6
189.0,2022,17.233972602739726,14.464657534246577,20.47287671232877,1561.3,2266.2,365,73.64849315068493,0.0,0.0,31.94,,22.344859813084113,1299.9,6,32,0,1,6
189.0,2023,17.696164383561644,14.858356164383562,20.862465753424658,2220.7000000000003,2183.1,365,73.01534246575342,0.0,0.0,45.21,,22.45373831775701,1913.9,7,23,0,3,7
189.0,2024,18.356284153005465,15.510928961748634,21.722950819672132,2247.3,2046.0,366,71.5846994535519,4020.65,1133.8,18.830000000000002,,23.653271028037384,1664.9,3,11,0,26,5
192.0,2019,13.99835616438356,8.323287671232876,20.51041095890411,1481.6,2620.9,365,69.26,5579.16,1363.4,0.0,,20.292056074766354,1319.6,103,137,7,13,5
192.0,2020,13.73224043715847,8.274043715846995,19.995628415300544,1812.7,2524.6,366,71.16475409836066,5547.04,1323.7,0.0,,19.71121495327103,1585.0,91,148,10,10,5
192.0,2021,14.167857142857144,8.554794520547945,20.562739726027395,1395.0,2582.6,365,72.96712328767123,5593.68,1338.5,0.0,,20.535211267605632,1148.9,82,129,3,14,2
192.0,2022,13.890607734806629,8.087845303867404,20.48099173553719,966.2,2704.3,364,66.77063711911357,5811.5,1418.5,0.0,,20.876303317535545,755.9,102,143,3,13,2
192.0,2023,14.43013698630137,8.920604395604395,20.794794520547946,2304.8,2386.0,365,72.28328767123288,5487.5,1318.2,0.0,,20.785046728971963,1998.3999999999999,99,129,5,15,6
192.0,2024,15.065573770491802,9.897260273972602,21.262021857923497,1856.6,2478.4,366,74.44617486338798,5589.57,1338.0,0.0,,21.91822429906542,1439.1,83,108,0,42,5
201.0,2019,12.184615384615384,7.191184573002755,17.422465753424657,1079.3,2472.6,365,66.24010989010989,0.0,0.0,0.0,,19.258215962441316,930.0,113,164,7,8,3
201.0,2020,11.922404371584701,7.374590163934426,16.647814207650274,1436.8999999999999,2227.6,366,71.55,0.0,0.0,0.0,,18.364485981308412,1271.4,112,161,6,1,2
201.0,2021,12.308219178082192,7.649175824175825,17.37123287671233,1013.6,2233.1,365,73.91150684931507,0.0,0.0,0.0,,19.326168224299067,831.6999999999999,97,142,1,9,0
201.0,2022,11.561157024793388,6.969166666666667,16.48595041322314,1561.8,2352.1,365,73.7473829201102,0.0,0.0,0.0,,19.042723004694835,1341.4,107,148,6,2,6
201.0,2023,12.19041095890411,7.7732782369146,17.002472527472527,1377.3,2152.4,365,75.88657534246575,0.0,0.0,0.0,,19.36214953271028,1149.2,107,136,2,1,1
201.0,2024,12.974794520547945,8.561813186813186,17.650546448087432,1339.5,2258.6,366,74.57671232876713,0.0,0.0,0.0,,20.185981308411215,1169.4,103,128,0,4,3
202.0,2019,12.76749311294766,7.477260273972602,18.82109589041096,1038.6,2202.7,365,64.16957746478873,0.0,0.0,0.0,,20.13051643192488,870.3,117,153,8,17,2
202.0,2020,12.593972602739727,7.701912568306011,18.083060109289615,1366.4,2168.6,366,70.13852459016394,0.0,0.0,0.0,,19.093457943925234,1173.9,101,165,9,4,3
202.0,2021,12.745753424657535,8.057024793388429,18.348767123287672,1018.9,2140.0,365,71.91616438356165,0.0,0.0,0.0,,19.749532710280373,818.8,93,136,0,14,0
202.0,2022,12.194214876033058,7.404683195592287,17.93434065934066,2143.4,2173.5,365,68.73314917127072,0.0,0.0,0.0,,19.81745283018868,1988.6,102,140,4,6,8
202.0,2023,13.138356164383561,8.32082191780822,18.68246575342466,1538.4,2155.4,365,69.43884297520661,0.0,0.0,0.0,,20.33644859813084,1299.4,105,130,3,18,2
202.0,2024,13.925956284153004,9.46109589041096,19.24535519125683,1347.2,2146.5,366,70.32158469945355,0.0,0.0,0.0,,21.3892523364486,1158.7,98,115,0,22,1
203.0,2019,12.4,6.634794520547945,19.003561643835617,997.5,2283.1,365,66.80578512396694,0.0,0.0,0.0,,19.751643192488263,820.4,128,145,10,20,0
203.0,2020,12.479508196721312,7.312876712328767,18.431967213114756,1668.8,2067.3,366,72.43633879781422,0.0,0.0,0.0,,19.128971962616824,1471.4,107,170,8,6,3
203.0,2021,12.713972602739727,7.324931506849315,18.80821917808219,1076.6,2034.6,365,72.72027397260274,0.0,0.0,0.0,,19.804205607476636,877.0,102,150,3,22,1
203.0,2022,12.24931506849315,6.766022099447515,18.453698630136987,1537.3,2085.2,365,70.64547945205479,0.0,0.0,0.0,,19.958878504672896,1359.5,115,156,6,10,5
203.0,2023,13.126849315068494,7.746153846153846,19.135616438356163,1633.4,2003.3,365,73.00794520547946,0.0,0.0,0.0,,20.376635514018695,1389.5,112,142,5,22,3
203.0,2024,13.888797814207651,8.830601092896174,19.684972677595628,1706.7,1860.7,366,74.74726775956285,0.0,0.0,0.0,,21.485981308411215,1459.2,109,130,0,33,3
211.0,2019,11.256438356164384,6.077500000000001,17.61397260273973,779.3,2083.9,365,67.19671232876712,0.0,0.0,0.0,,18.332242990654205,660.8,118,166,16,8,0
211.0,2020,11.310714285714287,6.316253443526171,17.276775956284155,1429.1,1901.8,366,68.91534246575343,0.0,0.0,0.0,,17.826168224299067,1220.0,132,163,17,7,2
211.0,2021,11.442191780821917,6.34958904109589,17.684383561643838,923.0,1903.7,365,70.20027397260273,0.0,0.0,0.0,,18.4107476635514,759.1,113,133,5,18,0
211.0,2022,10.998901098901099,5.72596685082873,17.311780821917807,1497.5,1946.0,365,68.86219178082192,0.0,0.0,0.0,,18.550467289719627,1347.8,117,149,8,8,4
211.0,2023,11.849315068493151,6.670247933884298,18.18986301369863,1225.6,1945.3,365,71.14931506849315,0.0,0.0,0.0,,19.210280373831775,1018.0,122,143,3,19,1
211.0,2024,12.528688524590164,7.616438356164384,18.570765027322402,1094.1,1813.5,366,72.0860655737705,0.0,0.0,0.0,,20.083177570093458,970.5,115,131,2,23,0
212.0,2019,12.207397260273972,6.72534435261708,19.022739726027396,871.4,2275.7,365,67.22410958904109,0.0,0.0,0.0,,19.768691588785046,746.1,121,154,8,20,0
212.0,2020,11.621584699453551,6.510743801652893,18.03934426229508,1485.8,2105.5,366,69.12349726775956,0.0,0.0,0.0,,18.434579439252335,1306.0,122,174,15,7,2
212.0,2021,11.78876712328767,6.601917808219177,18.243561643835616,950.3000000000001,2018.8,365,70.0750684931507,0.0,0.0,0.0,,19.036448598130843,764.7,112,136,5,19,1
212.0,2022,11.191780821917808,5.777260273972602,17.734520547945205,1707.7,1963.0,365,68.66082191780822,0.0,0.0,0.0,,19.085981308411217,1565.8,121,147,8,10,5
212.0,2023,12.145205479452056,7.07107438016529,18.498356164383562,1392.4,1989.4,365,70.90246575342466,0.0,0.0,0.0,,19.636915887850467,1145.6,119,144,5,24,0
212.0,2024,12.960655737704919,8.018579234972679,19.14344262295082,1244.7,1959.8,366,71.77049180327869,0.0,0.0,0.0,,20.739719626168224,1081.4,115,132,1,26,1
216.0,2019,9.98054794520548,5.02825484764543,15.683835616438357,1169.8,2102.6,365,67.35205479452055,0.0,0.0,0.0,,16.52710280373832,1040.1,139,162,16,1,3
216.0,2020,9.631420765027322,4.970604395604395,15.049180327868852,1530.1000000000001,2029.0,366,68.33032786885245,0.0,0.0,0.0,,15.721028037383178,1353.0,146,182,20,1,3
216.0,2021,9.690909090909091,4.9082644628099175,15.057417582417582,1207.4,1852.3,365,69.03671232876712,0.0,0.0,0.0,24.3,15.85233644859813,1067.2,128,169,11,0,0
216.0,2022,9.120000000000001,3.9065934065934065,15.034246575342467,1088.9,2084.0,365,65.81753424657535,0.0,0.0,0.0,,16.321028037383176,919.6,144,175,15,2,2
216.0,2023,10.122314049586777,4.882777777777777,15.887397260273971,1525.8,2105.1,365,67.3,0.0,0.0,0.0,,16.772429906542058,1304.5,130,180,19,2,3
216.0,2024,10.731967213114755,5.6234972677595625,16.577322404371586,1327.4,1535.0,366,69.99863387978142,3062.7,845.1,0.0,,18.189252336448597,1134.0,130,157,7,6,1
217.0,2019,11.23945205479452,6.018406593406593,17.94904109589041,798.9,1753.9,365,65.2227397260274,0.0,0.0,0.0,,18.197196261682244,646.0,125,166,15,11,0
217.0,2020,11.154120879120878,6.0720547945205485,17.404918032786885,1305.4,1928.5,366,74.11753424657535,0.0,0.0,0.0,,17.617757009345794,1081.4,125,146,16,11,0
217.0,2021,11.519559228650138,6.335890410958904,17.794246575342466,1112.1,1679.8,365,66.98438356164384,0.0,0.0,0.0,,18.276168224299067,927.5,112,128,7,20,2
217.0,2022,10.935068493150686,5.596143250688706,17.564657534246578,1372.6,1805.9,365,63.020054945054945,0.0,0.0,0.0,,18.574766355140188,1212.0,125,148,8,16,3
217.0,2023,11.456944444444444,5.532963988919668,18.590304709141275,1399.7,1846.5,365,65.68011204481793,0.0,0.0,0.0,,18.68714285714286,1192.0,132,143,9,30,2
217.0,2024,12.270958904109587,6.687603305785124,19.424590163934425,1264.9,1639.1,366,67.47589041095891,0.0,0.0,0.0,,20.02803738317757,1093.2,124,148,7,44,1
221.0,2019,11.183013698630138,5.072176308539945,18.23068493150685,843.0,2207.7,365,66.60082191780822,0.0,0.0,0.0,,18.58411214953271,663.3,146,166,16,12,0
221.0,2020,10.973497267759564,5.511325966850828,17.171584699453554,1551.8,2152.3,366,72.67868852459017,0.0,0.0,0.0,,17.68644859813084,1387.4,143,170,20,3,2
221.0,2021,11.222252747252748,5.743801652892562,17.43917808219178,1162.2,2189.8,365,73.94478021978023,0.0,0.0,0.0,,18.3018779342723,977.2,129,166,11,14,0
221.0,2022,10.54573002754821,4.597252747252748,17.028219178082193,1476.6,2294.0,365,72.77499999999999,0.0,0.0,0.0,,18.2943661971831,1298.9,138,159,12,5,3
221.0,2023,11.609641873278237,5.859615384615385,17.741643835616436,1765.7,2307.8,365,74.51397260273973,0.0,0.0,0.0,,18.78691588785047,1561.6,130,151,11,6,3
221.0,2024,12.41502732240437,7.125136612021858,18.27377049180328,1432.8,2186.9,366,75.77814207650273,0.0,0.0,0.0,,19.91915887850467,1231.7,120,128,2,14,1
226.0,2019,12.213150684931508,6.388088642659279,19.11041095890411,1046.2,2126.8,365,70.57342465753425,0.0,0.0,0.0,,19.261214953271026,863.1,123,149,12,19,1
226.0,2020,11.804383561643837,6.452747252747253,18.008196721311474,1768.8,2059.9,366,74.53005464480874,0.0,0.0,0.0,,18.15467289719626,1550.0,129,182,19,3,5
226.0,2021,12.126027397260273,6.815109890109889,18.437260273972605,1097.7,2067.7,365,75.37808219178082,0.0,0.0,0.0,,18.9107476635514,919.5,107,164,6,10,0
226.0,2022,11.749725274725273,6.131955922865014,17.913698630136988,1043.5,2284.6,365,71.64164383561643,0.0,0.0,0.0,,19.165420560747663,878.8,124,153,8,5,1
226.0,2023,12.64109589041096,7.239285714285714,18.729041095890413,1870.4,2218.1,365,74.13780821917808,0.0,0.0,0.0,,19.578504672897196,1665.1,117,156,7,11,5
226.0,2024,13.448626373626373,8.504371584699454,19.191530054644808,1252.8,2064.8,366,75.53241758241758,0.0,0.0,0.0,,20.666509433962265,1053.2,102,130,1,16,2
232.0,2019,12.111019283746558,6.548333333333334,18.220547945205478,845.6,2256.6,365,68.28034188034188,0.0,0.0,0.0,,18.86214953271028,654.0,118,155,12,9,1
232.0,2020,12.248633879781421,7.0158469945355195,18.01120218579235,1443.5,2185.3,366,74.61284153005464,0.0,0.0,0.0,,18.70280373831776,1247.6,117,149,15,1,1
232.0,2021,12.591506849315067,7.311538461538462,18.515068493150686,1058.9,2177.3,365,75.70165289256198,0.0,0.0,0.0,,19.45981308411215,883.3,100,132,6,14,1
232.0,2022,12.06027397260274,6.548484848484848,18.201095890410958,1080.7,2320.8,365,73.6345205479452,0.0,0.0,0.0,,19.59252336448598,944.5,116,144,8,9,1
232.0,2023,13.118082191780823,7.805509641873279,19.019178082191782,1502.5,2134.1,365,73.48296703296703,0.0,0.0,0.0,,20.162616822429907,1305.6,113,142,6,17,4
232.0,2024,13.875068493150684,8.88082191780822,19.39426229508197,1476.9,2195.4,366,74.74328767123288,0.0,0.0,0.0,,21.148598130841123,1256.3,105,120,1,20,2
234.0,2019,15.423333333333334,9.018032786885247,22.20327868852459,143.8,476.0,61,53.985,0.0,0.0,0.0,,15.423333333333334,143.8,4,9,5,0,0
235.0,2019,13.286027397260273,8.998356164383562,18.211506849315068,821.9,1977.5,365,70.31945205479451,0.0,0.0,0.0,,19.681775700934576,622.1,93,129,6,7,1
235.0,2020,13.09123287671233,9.130327868852458,17.70191256830601,1301.9,1962.5,366,72.75917808219178,0.0,0.0,0.0,,18.998591549295774,1109.3,71,120,5,2,2
235.0,2021,13.829589041095891,9.604931506849315,18.555068493150685,1107.9,2211.8,365,71.5545205479452,0.0,0.0,0.0,,20.22056074766355,848.9,65,111,0,5,1
235.0,2022,13.114794520547944,8.941483516483515,17.93890410958904,1348.2,2172.3,365,70.34684931506848,0.0,0.0,0.0,,19.998130841121498,1236.3,94,118,4,5,5
235.0,2023,13.997260273972604,9.80027397260274,18.822739726027397,1726.7,2255.3,365,71.74986301369863,0.0,0.0,0.0,,20.585981308411213,1522.2,83,116,1,10,5
235.0,2024,14.816120218579234,10.634699453551914,19.78688524590164,1494.3,2163.1,366,74.47349726775956,4720.14,1210.3,0.0,,21.66495327102804,1268.9,74,97,0,30,3
236.0,2019,12.989315068493152,7.524175824175825,19.524109589041096,992.0,2172.6,365,71.87616438356164,0.0,0.0,0.0,,19.92336448598131,774.2,112,142,11,16,1
236.0,2020,12.829508196721312,7.771780821917807,18.939344262295084,1624.8,2081.3,366,75.03879781420765,0.0,0.0,0.0,,19.184579439252335,1388.3,106,161,13,10,2
236.0,2021,13.325824175824177,8.157260273972604,19.52794520547945,1123.4,2113.2,365,75.35192307692307,0.0,0.0,0.0,,20.114485981308412,895.4,88,152,4,21,0
236.0,2022,12.844931506849314,7.408493150684931,19.146575342465752,1301.1,2334.4,365,72.95616438356164,0.0,0.0,0.0,,20.178971962616824,1164.8,114,145,6,14,3
236.0,2023,13.721917808219178,8.474246575342466,19.954246575342466,2165.0,2205.7,365,74.78246575342466,0.0,0.0,0.0,,20.676168224299065,1931.5,108,136,5,20,7
236.0,2024,14.442076502732242,9.523835616438356,20.348087431693987,1432.3,2187.0,366,77.03469945355191,0.0,0.0,0.0,,21.69439252336449,1140.7,93,116,1,39,5
238.0,2019,12.424109589041096,6.692011019283746,19.236986301369864,982.6,2110.6,365,68.68575342465753,0.0,0.0,0.0,,19.30140186915888,820.8,120,144,12,15,0
238.0,2020,12.491530054644807,7.399173553719009,18.690983606557378,1758.2,2062.0,366,73.58169398907104,0.0,0.0,0.0,,18.907943925233646,1522.8,111,148,16,8,3
238.0,2021,12.99532967032967,7.636813186813187,19.279452054794522,1290.1,2119.3,365,73.95808219178082,0.0,0.0,0.0,,19.63317757009346,1101.5,94,158,4,16,2
238.0,2022,12.212672176308539,6.493131868131868,18.715890410958906,948.7,2262.0,365,69.89449035812672,0.0,0.0,0.0,,19.610849056603772,790.3,124,173,9,11,0
238.0,2023,13.014794520547945,7.629558011049724,19.403561643835616,1800.9,2170.2,365,73.10958904109589,0.0,0.0,0.0,,19.905140186915887,1553.8,111,160,6,16,5
238.0,2024,14.074043715846996,8.947945205479453,20.069398907103825,1416.2,2165.5,366,74.59918032786885,0.0,0.0,0.0,,21.33644859813084,1153.3,98,130,1,39,2
239.0,2019,17.211682242990655,12.917674418604651,22.43813953488372,959.3,1221.7,215,73.2448598130841,0.0,0.0,0.0,,22.090849673202616,820.6,32,44,0,11,0
239.0,2020,13.104098360655739,8.609315068493151,18.493989071038254,1685.8,2176.0,366,66.63743169398907,0.0,0.0,0.0,,19.467757009345796,1438.6000000000001,86,152,7,10,1
239.0,2021,13.659504132231405,8.951790633608816,19.037912087912087,1104.6,2179.0,365,66.76602739726027,0.0,0.0,0.0,,20.308878504672897,899.5,76,135,2,16,0
239.0,2022,13.031129476584022,8.128493150684932,18.77664835164835,1222.4,2307.4,365,64.20550964187328,0.0,0.0,0.0,,20.474999999999998,1081.6,104,141,4,15,1
239.0,2023,13.87190082644628,9.255277777777778,19.431129476584022,2103.3,2114.7,365,69.22038567493112,5086.97,1305.5,2.0,,20.674299065420563,1902.1,92,108,2,20,6
239.0,2024,14.523224043715848,10.068306010928962,19.829508196721314,1462.8,2093.5,366,72.24344262295081,5307.83,1341.3,0.0,,21.748130841121498,1218.3999999999999,79,120,0,32,3
243.0,2019,13.72219178082192,9.183287671232877,19.15287671232877,1087.5,2386.6,365,72.44,0.0,0.0,0.0,,20.16915887850467,936.7,89,127,4,17,1
243.0,2020,13.547540983606556,9.400273224043715,18.54808743169399,1694.8,2111.3,366,77.75409836065573,0.0,0.0,0.0,,19.472429906542057,1454.2,74,134,3,4,5
243.0,2021,14.085753424657534,9.698082191780822,19.4521978021978,1354.0,2143.3,365,76.4373595505618,0.0,0.0,0.0,,20.455140186915887,1076.4,60,106,0,12,2
243.0,2022,13.567397260273973,9.145604395604396,18.824657534246576,971.2,2286.7,365,72.98986301369862,0.0,0.0,0.0,,20.48177570093458,764.6,93,127,4,9,2
243.0,2023,14.442582417582418,9.956712328767123,19.570958904109588,1853.6000000000001,2163.9,365,74.7923287671233,0.0,0.0,0.0,,20.955607476635514,1552.7,87,106,1,16,4
243.0,2024,15.1448087431694,10.99016393442623,20.170218579234973,1168.2,2141.3,366,76.30382513661202,0.0,0.0,0.0,,21.896728971962617,822.0,64,96,0,32,2
244.0,2019,12.217534246575342,6.534159779614325,19.186575342465755,1069.7,2095.8,365,72.01780821917808,0.0,0.0,0.0,,18.987383177570095,921.0,123,152,13,10,1
244.0,2020,12.072602739726028,6.969672131147541,17.993715846994537,1869.8,1986.3,366,77.35232876712328,0.0,0.0,0.0,,18.147196261682243,1603.7,115,152,18,0,4
244.0,2021,12.553571428571429,7.214794520547946,18.75095890410959,1259.2,2080.1,365,76.59835164835165,0.0,0.0,0.0,,19.065887850467288,972.3,91,137,8,3,0
244.0,2022,12.085753424657534,6.534065934065934,18.53890410958904,966.6999999999999,2166.9,365,72.25780821917807,0.0,0.0,0.0,,19.19299065420561,754.6,122,151,10,4,0
244.0,2023,13.215934065934066,7.838630136986301,19.33041095890411,1984.4,2069.1,365,74.75287671232877,0.0,0.0,0.0,,19.77523364485981,1692.1,110,128,6,10,7
244.0,2024,13.970218579234974,9.020000000000001,19.85983606557377,1439.8999999999999,2048.2,366,76.95846994535519,0.0,0.0,0.0,,20.945794392523364,1116.5,94,108,1,21,2
245.0,2019,13.32054794520548,8.60986301369863,18.861369863013696,1246.7,2023.6,365,74.96878453038674,0.0,0.0,0.0,,19.730841121495324,1083.5,94,137,6,12,2
245.0,2020,13.17780821917808,8.787704918032787,18.48633879781421,1718.9,1997.8,366,71.69643835616438,0.0,0.0,0.0,,19.23333333333333,1443.7,83,153,7,12,3
245.0,2021,13.84849315068493,9.17123287671233,19.25917808219178,1354.6,2236.0,365,71.18273972602739,0.0,0.0,0.0,,20.296728971962615,1063.0,68,142,1,17,3
245.0,2022,13.306575342465752,8.593698630136986,18.70082191780822,979.3,2363.8,365,69.21534246575342,0.0,0.0,0.0,,20.346728971962616,743.7,96,146,5,10,0
245.0,2023,14.266575342465753,9.579178082191781,19.65150684931507,1937.7,2247.9,365,70.1054794520548,0.0,0.0,0.0,,20.92056074766355,1661.9,88,129,4,18,4
245.0,2024,15.23688524590164,10.66448087431694,20.71639344262295,1226.7,2158.6,366,73.93907103825137,4201.06,1176.4,0.0,,22.258878504672897,906.7,68,99,0,51,2
247.0,2019,13.407438016528925,8.07197802197802,19.649863013698628,1332.8,2315.4,365,67.76859504132231,0.0,0.0,0.0,,20.07336448598131,1177.4,106,142,9,13,2
247.0,2020,13.215426997245178,8.133333333333335,19.10327868852459,2007.2,2162.1,366,73.28071625344352,0.0,0.0,0.0,,19.47476635514019,1801.9,98,123,12,10,3
247.0,2021,13.449311294765842,8.28374655647383,19.59366391184573,1136.8,2214.0,364,73.31101928374656,0.0,0.0,0.0,,20.18443396226415,899.7,90,115,3,15,0
247.0,2022,12.935342465753424,7.5041322314049586,19.18986301369863,811.4,2355.3,365,68.81178082191781,0.0,0.0,0.0,,20.2196261682243,651.0,110,129,7,14,0
247.0,2023,13.833516483516483,8.775414364640884,19.969315068493152,1805.7,2143.6,365,71.64972527472527,0.0,0.0,0.0,,20.71924882629108,1523.6,103,119,6,22,4
247.0,2024,14.815573770491802,9.881147540983607,20.53879781420765,1416.0,2160.4,366,74.1554945054945,0.0,0.0,0.0,,22.03317757009346,1141.3,87,108,0,44,2
248.0,2019,11.502203856749311,5.8046961325966855,18.084657534246574,1262.8,2098.2,365,70.95282485875705,0.0,0.0,0.0,,18.113084112149533,1085.9,131,172,14,5,1
248.0,2020,11.256557377049178,6.07445054945055,17.296994535519126,2126.0,1988.7,366,78.14234972677595,0.0,0.0,0.0,,17.439719626168223,1822.0,129,166,22,1,6
248.0,2021,11.79972299168975,6.118406593406593,17.974246575342466,1345.2,1959.2,365,77.52644628099173,0.0,0.0,0.0,,18.207511737089202,1064.6,120,164,14,1,1
248.0,2022,11.085753424657534,5.151923076923077,17.69150684931507,982.6,2156.4,365,72.16356164383562,0.0,0.0,0.0,,18.36355140186916,758.3,141,154,11,1,0
248.0,2023,12.016712328767124,6.385439560439561,18.38,2168.1,2032.0,365,75.10767123287671,0.0,0.0,0.0,,18.7303738317757,1890.9,123,146,14,6,6
248.0,2024,12.856284153005463,7.616120218579235,18.79808743169399,1644.3,1928.6,366,77.22786885245901,0.0,0.0,0.0,,19.886915887850467,1289.9,107,117,1,7,2
251.0,2019,13.363259668508288,8.364383561643836,18.99041095890411,1121.7,2218.9,365,71.95524861878452,5073.83,1273.9,0.0,,19.687383177570094,982.4,102,137,7,11,3
251.0,2020,13.30327868852459,8.690983606557378,18.690983606557378,1671.7,2110.1,366,71.63469945355192,5221.44,1269.2,0.0,,19.303271028037383,1445.2,82,141,11,14,3
251.0,2021,13.989315068493152,9.159065934065934,19.632876712328766,1174.6,2160.2,365,71.10027397260274,5340.31,1357.5,0.0,,20.438317757009347,1006.2,67,101,2,19,0
251.0,2022,13.363561643835617,8.442032967032967,19.16109589041096,652.8,2291.3,365,71.09013698630137,5537.59,1354.3,0.0,,20.34392523364486,484.9,102,131,6,11,1
251.0,2023,14.167671232876712,9.254520547945205,19.835890410958903,1513.3,1941.0,365,73.68,5233.56,1313.1,0.0,,20.758878504672897,1277.6,93,111,4,20,2
251.0,2024,14.952185792349727,10.285792349726776,20.468852459016393,1136.1,1887.9,366,75.85,5266.26,1325.3,0.0,,21.824299065420558,846.3,76,102,0,44,1
252.0,2019,13.374309392265193,8.714520547945206,18.732876712328768,1205.3,2341.2,365,75.74972375690608,5339.12,1224.8,0.0,,19.75188679245283,1038.6,94,97,8,11,3
252.0,2020,13.343715846994536,9.034246575342467,18.44207650273224,1787.9,2250.8,366,75.84535519125683,5269.95,1251.6,0.0,,19.235981308411215,1544.1000000000001,76,76,8,5,5
252.0,2021,13.976308539944903,9.452472527472526,19.42082191780822,1202.6000000000001,2284.0,365,73.82451790633608,5366.94,1328.7,0.0,,20.399528301886793,921.0,70,50,2,17,1
252.0,2022,13.48958904109589,8.845604395604395,18.81890410958904,802.6999999999999,2457.8,365,71.89342465753424,5679.99,1389.9,0.0,,20.370093457943923,589.6,99,79,6,9,0
252.0,2023,14.153038674033148,9.526648351648351,19.415890410958905,1496.1,2065.2,365,74.26639118457301,5254.91,1309.4,0.0,,20.652358490566037,1263.5,87,79,4,16,2
252.0,2024,14.98224043715847,10.646174863387978,20.03333333333333,1051.7,2079.1,366,76.25382513661202,5253.85,1321.1,0.0,,21.707009345794393,737.6,71,79,0,33,0
253.0,2019,15.619230769230768,11.26986301369863,21.14109589041096,1494.0,2531.1,365,64.67967032967033,4557.41,1354.5,0.0,,21.400467289719625,1291.7,48,111,1,16,5
253.0,2020,14.797267759562843,10.572677595628415,20.193169398907102,1702.5,2362.1,366,66.00054644808743,5349.13,1443.6,0.0,,20.354205607476636,1410.3,45,91,0,11,6
253.0,2021,15.168956043956044,10.806868131868132,20.671232876712327,1552.6,2243.0,365,66.74684931506849,5368.73,1382.6,0.0,,21.14131455399061,1267.8,54,86,0,17,4
253.0,2022,14.942465753424658,10.595890410958905,20.42054794520548,874.0,2439.2,365,61.974794520547945,5688.42,1515.1,0.0,,21.329906542056076,705.3,72,99,0,12,1
253.0,2023,15.528767123287672,11.123561643835616,21.11068493150685,1879.6000000000001,2325.7,365,67.88712328767123,5344.34,1388.1,0.0,,21.52803738317757,1568.0,57,106,0,19,5
253.0,2024,16.145205479452056,11.957650273224044,21.67349726775956,1720.0,2259.0,366,69.4317808219178,5240.89,1385.6,0.0,,22.641784037558686,1346.0,49,94,0,51,2
254.0,2019,13.188919667590028,7.646428571428572,19.548901098901098,1284.2,2296.4,364,73.07839335180056,3677.27,997.6,0.0,,19.725233644859813,1137.6,112,128,11,16,2
254.0,2020,13.043169398907104,8.068767123287671,18.928415300546447,2133.7,2033.1,366,74.51475409836065,5270.98,1307.5,0.0,,19.267289719626167,1889.2,102,134,16,11,4
254.0,2021,13.623626373626374,8.467032967032967,19.872328767123285,1232.6,2109.9,365,75.22115384615384,5458.4,1353.6,0.0,,20.358215962441314,945.8000000000001,84,120,3,20,0
254.0,2022,13.107123287671234,7.6738292011019285,19.44931506849315,877.1,2199.8,365,71.74219178082193,5639.83,1426.3,0.0,,20.373364485981305,655.3,111,140,7,19,0
254.0,2023,13.812602739726028,8.509863013698629,20.005753424657534,2097.3,2071.4,365,74.45972602739725,5387.28,1359.2,0.0,,20.574299065420558,1811.0,108,126,5,27,5
254.0,2024,14.696448087431692,9.74207650273224,20.590437158469946,1399.3,2017.8,366,72.14672131147542,5433.89,1451.9,0.0,,21.851869158878504,1095.5,93,112,0,44,1
255.0,2019,14.28076923076923,9.786575342465753,19.807671232876714,1675.3,2357.4,365,65.7374655647383,3506.08,991.0,0.0,,20.3943661971831,1468.5,78,119,1,11,5
255.0,2020,15.206593406593406,10.84958904109589,20.459999999999997,1798.6,2203.5,366,67.15302197802198,5356.42,1372.5,0.0,,20.98920187793427,1520.2,52,104,0,18,4
255.0,2021,15.810468319559227,11.333791208791208,21.299725274725276,1555.8,2138.3,365,68.65906593406594,5420.38,1374.3,0.0,,21.731603773584908,1241.8,49,112,0,28,3
255.0,2022,15.444657534246575,11.012602739726027,20.804931506849314,996.5,2305.7,365,62.50904109589041,5599.36,1501.6,0.0,,21.845794392523363,839.0,64,109,0,27,1
255.0,2023,16.117808219178084,11.77945205479452,21.33041095890411,2087.0,2147.8,365,67.69342465753424,5121.91,1354.6,0.0,,22.290654205607474,1811.6,53,102,0,28,4
255.0,2024,16.91256830601093,12.759836065573772,22.066120218579236,1852.6000000000001,2145.1,366,68.13743169398907,5217.99,1398.3,0.0,,23.47429906542056,1437.1,35,95,0,59,4
257.0,2019,15.496986301369862,10.65945205479452,21.374520547945206,1536.1,2264.7,365,67.14657534246575,3207.56,1094.8,0.0,,21.35981308411215,1341.1,65,110,2,20,4
257.0,2020,15.075890410958904,10.459016393442623,20.682513661202186,1892.5,2131.8,366,67.65698630136986,5246.76,1474.3,0.0,,20.632242990654206,1590.0,52,95,1,14,7
257.0,2021,15.458356164383563,10.756164383561643,21.13917808219178,1708.2,2131.7,365,69.61506849315069,5481.33,1484.1,0.0,,21.4714953271028,1414.8999999999999,57,98,0,24,2
257.0,2022,15.41923076923077,10.596712328767124,21.26767123287671,932.5,2232.8,365,63.78650137741047,5593.09,1568.2,0.0,,21.82196261682243,764.4,73,112,0,29,1
257.0,2023,16.057142857142857,11.304383561643837,21.796164383561646,2172.0,2163.7,365,68.27362637362637,5283.21,1474.8,0.0,,22.089719626168222,1850.7,63,109,0,32,8
257.0,2024,16.785792349726776,12.290437158469945,22.345901639344262,1669.4,2063.5,366,69.44398907103825,5362.43,1515.9,0.0,,23.27663551401869,1308.6000000000001,49,103,0,61,2
258.0,2019,14.38109589041096,9.332602739726028,19.865479452054792,1527.2,2498.2,365,70.08027397260274,3517.16,1171.6,0.0,,20.28130841121495,1334.7,85,100,5,6,5
258.0,2020,14.612568306010928,9.8275956284153,19.80273224043716,1716.2,2231.1,366,73.16857923497268,5478.84,1482.6,0.0,,20.235046728971962,1508.5,64,85,5,9,6
258.0,2021,15.03178082191781,10.04986301369863,20.533972602739723,1708.3,2348.6,365,73.85479452054794,5776.85,1567.2,0.0,,21.057943925233644,1438.5,67,96,1,7,5
258.0,2022,14.680219780219781,9.692011019283745,20.244505494505493,1056.4,2402.7,365,70.14999999999999,5906.41,1630.4,0.0,,21.180281690140845,788.4,81,112,2,9,3
258.0,2023,15.010989010989011,10.09972602739726,20.521643835616437,2015.6000000000001,2245.8,365,75.86126373626374,5529.35,1435.6,0.0,,21.193427230046947,1689.1000000000001,79,109,4,12,4
258.0,2024,15.831420765027323,11.204918032786885,20.994535519125684,1928.2,2254.8,366,77.87978142076503,5639.98,1442.9,0.0,,22.328504672897196,1487.4,63,87,0,41,6
259.0,2019,14.299725274725276,9.487123287671233,19.88876712328767,1481.6,2306.0,365,69.32472527472528,5164.7699999999995,1342.2,0.0,,20.304225352112677,1318.5,85,139,6,9,3
259.0,2020,14.218579234972678,9.630874316939892,19.481420765027323,1654.4,2196.6,366,70.86908077994428,4965.57,1335.7,0.0,,19.8696261682243,1454.5,69,122,4,7,4
259.0,2021,14.87912087912088,10.043287671232877,20.521095890410958,1494.8,2113.9,365,73.65342465753425,5436.5,1404.3,0.0,,21.06121495327103,1210.6000000000001,66,111,1,10,3
259.0,2022,14.529863013698629,9.544657534246577,20.376986301369865,1033.3,2182.3,365,70.94684931506849,5642.63,1456.7,0.0,,21.10654205607477,800.3,87,127,4,20,2
259.0,2023,15.011506849315069,10.138356164383561,20.670136986301372,1933.3,1999.4,365,75.71287671232876,5180.36,1311.0,0.0,,21.297663551401868,1631.4,78,98,5,18,2
259.0,2024,15.723691460055097,11.18551912568306,21.165846994535517,1823.2,2013.5,366,78.28099173553719,5260.71,1316.1,0.0,,22.317535545023695,1423.2,66,84,0,49,5
260.0,2019,14.20958904109589,8.838356164383562,20.053972602739726,1517.4,2280.1,365,72.35647382920111,0.0,0.0,0.0,,20.315420560747665,1335.6,100,151,9,10,3
260.0,2020,13.703551912568306,8.619672131147542,19.184699453551914,1692.2,2198.6,366,73.80983606557378,0.0,0.0,0.0,,19.321028037383176,1477.8,84,155,14,8,5
260.0,2021,14.274246575342467,9.120054945054944,20.00958904109589,1475.5,2332.5,365,75.36849315068493,0.0,0.0,0.0,,20.46121495327103,1201.6,79,138,5,4,3
260.0,2022,13.917534246575341,8.476648351648352,19.85972602739726,915.9,2410.3,365,71.81270718232044,0.0,0.0,0.0,,20.478037383177572,716.8000000000001,99,150,9,5,3
260.0,2023,14.465659340659341,9.11565934065934,20.35972602739726,1985.1,2233.9,365,76.9401098901099,0.0,0.0,0.0,,20.679906542056074,1706.6,96,132,6,10,4
260.0,2024,15.34016393442623,10.3724043715847,20.835792349726773,1884.0,2240.1,366,77.66338797814207,0.0,0.0,0.0,,21.89485981308411,1521.0,78,102,0,35,5
261.0,2019,13.252747252747254,7.811780821917809,19.112876712328767,1222.0,2305.9,365,76.28489010989011,0.0,0.0,0.0,,19.38262910798122,1074.9,108,147,11,9,2
261.0,2020,13.399725274725276,8.347540983606557,18.85792349726776,1450.3,2181.2,366,76.4510989010989,0.0,0.0,0.0,,19.15990566037736,1298.9,93,140,14,8,4
261.0,2021,13.972328767123287,8.771780821917808,19.706027397260275,1387.9,2346.8,365,76.26082191780822,0.0,0.0,0.0,,20.325700934579437,1106.8,85,123,4,6,2
261.0,2022,13.476601671309194,8.473888888888888,19.251657458563535,794.4,2390.8,362,75.14210526315789,0.0,0.0,0.0,,20.34807692307692,612.6,105,143,9,4,2
261.0,2023,14.553481894150417,9.582548476454294,20.092520775623267,1619.3,2211.3,361,78.45181058495822,0.0,0.0,0.0,,20.841826923076926,1364.6,85,93,5,13,2
261.0,2024,15.562841530054644,10.88688524590164,20.730054644808742,1504.0,2258.8,366,79.26639344262296,0.0,0.0,0.0,,21.999065420560747,1173.5,69,97,0,37,3
262.0,2019,13.905479452054795,8.795890410958904,19.44958904109589,1676.5,2187.3,365,72.24191780821917,0.0,0.0,0.0,,19.799532710280374,1502.6,96,109,4,6,6
262.0,2020,13.611202185792349,8.75464480874317,18.96311475409836,1520.2,2201.3,366,73.34781420765027,0.0,0.0,0.0,,19.248130841121498,1333.1,84,102,6,5,5
262.0,2021,14.377534246575342,9.448626373626373,19.927123287671233,1339.8,2314.2,365,73.06794520547945,0.0,0.0,0.0,,20.35373831775701,1104.8,70,97,1,6,3
262.0,2022,13.964383561643835,8.836164383561643,19.384657534246575,929.7,2353.7,365,69.19917808219178,0.0,0.0,0.0,,20.30560747663551,748.9,92,131,3,0,3
262.0,2023,14.6,9.683287671232877,20.015342465753427,1702.0,2161.2,365,74.91424657534247,0.0,0.0,0.0,,20.437383177570094,1406.9,80,112,4,5,3
262.0,2024,15.904371584699453,10.98688524590164,21.387978142076502,1696.8,2169.3,366,74.84781420765027,4325.13,1168.0,0.0,,22.214953271028037,1294.1,67,97,0,46,4
263.0,2019,14.038186813186812,8.30879120879121,20.984383561643835,1272.8,2288.6,365,69.13131868131867,5467.74,1393.1,0.0,,20.463849765258217,1129.4,104,137,6,20,3
263.0,2020,14.033518005540166,8.321857923497268,20.693989071038253,1747.5,2261.5,366,69.35069252077562,5370.72,1393.5,0.0,,20.058215962441313,1542.4,89,139,10,16,4
263.0,2021,14.355890410958903,8.517307692307693,21.479726027397263,1205.5,2238.6,365,68.36657534246575,5560.67,1496.5,0.0,,20.877102803738318,988.3000000000001,88,137,5,26,1
263.0,2022,13.993698630136986,7.7754820936639115,21.237534246575343,784.2,2413.2,365,64.02527472527473,5833.71,1673.1,0.0,,21.068691588785047,640.2,108,149,5,33,1
263.0,2023,14.62290502793296,8.68300835654596,21.574022346368714,1939.9,2146.7,362,70.23534482758622,5494.73,1469.5,0.0,,21.29194312796209,1667.0,101,131,5,33,5
263.0,2024,15.593424657534248,10.018356164383562,22.23232876712329,1492.0,2192.2,366,72.82622950819673,5636.53,1509.7,0.0,,22.66338028169014,1144.5,80,115,0,60,2
264.0,2019,13.253150684931505,7.365659340659341,20.09972602739726,1464.6,2272.3,365,74.34520547945205,5505.44,1352.8,0.0,,19.60607476635514,1330.5,108,145,10,15,4
264.0,2020,13.061157024793388,7.4846994535519125,19.671311475409837,1910.6,2176.8,366,69.11625344352618,5333.63,1386.6,0.0,,19.128909952606634,1708.4,99,153,13,18,4
264.0,2021,13.378021978021978,7.741483516483517,20.126923076923077,1014.9,2092.0,365,66.73131868131868,5503.55,1502.2,0.0,,19.7981220657277,849.1,94,144,7,17,0
264.0,2022,13.174246575342467,7.00989010989011,20.196164383561644,801.5,2313.7,365,64.7005540166205,5840.54,1617.4,0.0,,20.14018691588785,664.0,120,148,6,24,1
264.0,2023,13.790909090909093,8.049447513812154,20.675342465753424,1701.0,2106.1,365,69.72424242424243,5511.71,1471.6,0.0,,20.404716981132076,1432.7,109,132,5,27,2
264.0,2024,14.628846153846153,9.241483516483516,20.914285714285715,1221.4,2080.0,366,72.02417582417583,5533.35,1477.3,0.0,,21.57547169811321,915.1,83,118,1,50,0
266.0,2019,15.433698630136988,11.24054794520548,20.506027397260272,1566.1000000000001,2382.3,365,58.74191780821918,5533.94,1548.8,0.0,,21.150000000000002,1408.7,41,97,1,13,6
266.0,2020,15.057808219178083,11.025956284153006,20.032513661202184,1821.0,2318.8,366,61.30465753424658,5428.99,1506.0,0.0,,20.46682242990654,1637.2,37,94,0,10,7
266.0,2021,15.53890410958904,11.356986301369863,20.640821917808218,1423.0,2370.6,365,65.55534246575343,5543.5,1465.8,0.0,,21.373364485981305,1195.3,46,95,0,10,2
266.0,2022,15.242191780821917,10.952876712328768,20.61041095890411,1054.7,2386.6,365,62.07041095890411,5711.7,1578.0,0.0,,21.619158878504674,784.1,65,92,0,13,3
266.0,2023,15.604383561643836,11.342191780821917,20.8213698630137,2274.6,2199.1,365,68.32328767123288,5332.4,1419.5,0.0,,21.58691588785047,1953.1,57,85,0,15,6
266.0,2024,16.207671232876713,12.14535519125683,21.35846994535519,2027.8,2186.7,366,69.56383561643835,5434.22,1460.9,0.0,,22.727230046948357,1620.3,42,71,0,45,5
268.0,2019,14.213573407202217,9.881917808219178,18.68246575342466,1538.8,2155.7,365,73.44972375690608,0.0,0.0,0.0,,19.864454976303318,1401.2,61,107,5,4,6
268.0,2020,14.161432506887053,10.029945054945054,18.432692307692307,1515.5,1946.1,366,76.7311475409836,0.0,0.0,0.0,,19.480094786729858,1353.2,53,99,4,1,5
268.0,2021,14.605617977528091,10.118258426966293,19.324089635854342,1549.1,2065.9,365,77.15972602739726,0.0,0.0,0.0,,20.58390243902439,1242.7,58,80,1,3,3
268.0,2022,14.126536312849163,9.80414364640884,18.81767955801105,903.1,2138.5,362,75.43268156424581,0.0,0.0,0.0,,20.206132075471697,717.2,74,118,4,0,3
268.0,2023,14.67190082644628,10.203835616438356,19.35095890410959,1540.8,2018.0,365,77.7743093922652,0.0,0.0,0.0,,20.592056074766354,1263.6,71,90,3,6,4
268.0,2024,15.499726775956283,11.396174863387978,19.985792349726776,1719.3,1984.1,366,78.54262295081966,0.0,0.0,0.0,,21.63177570093458,1313.1,48,75,0,23,5
271.0,2019,11.043956043956044,4.806027397260274,18.154520547945204,1005.8,2160.1,365,68.32032967032967,0.0,0.0,0.0,,17.858215962441314,877.0,148,172,19,6,0
271.0,2020,10.82103825136612,5.390684931506849,16.925409836065572,1297.3,2076.4,366,72.92131147540984,0.0,0.0,0.0,,16.89345794392523,1122.5,137,182,20,0,1
271.0,2021,10.05178082191781,4.668493150684932,16.136438356164383,1129.1,2064.6,365,73.69945205479452,0.0,0.0,0.0,,16.068691588785047,960.9,141,172,15,0,1
271.0,2022,10.890934065934067,5.043250688705235,17.30904109589041,1014.3000000000001,2189.7,365,70.79506849315068,0.0,0.0,0.0,,17.815887850467288,821.6,132,182,11,1,1
271.0,2023,11.627123287671232,6.130684931506849,17.97945205479452,1828.7,2205.5,365,72.96000000000001,0.0,0.0,0.0,,18.135514018691588,1631.6,122,169,11,1,6
271.0,2024,12.764285714285714,7.621978021978022,18.656164383561645,1241.7,2130.6,366,74.13917808219178,0.0,0.0,0.0,,19.61556603773585,1095.9,107,140,3,7,3
272.0,2019,12.138356164383561,6.569337016574585,18.1786301369863,996.4,2396.0,365,63.81022099447514,0.0,0.0,0.0,,18.917757009345795,828.6,115,151,13,6,1
272.0,2020,12.059178082191782,6.7336986301369866,17.583333333333332,1499.9,2211.4,366,69.07780821917808,0.0,0.0,0.0,,18.22289719626168,1308.2,112,154,11,2,2
272.0,2021,12.007123287671234,6.68,17.873972602739727,1346.5,2206.4,365,71.3654794520548,0.0,0.0,0.0,,18.533177570093457,1132.6,105,139,5,13,1
272.0,2022,11.85521978021978,6.361772853185595,17.794246575342466,1083.8,2331.0,365,67.87884615384615,0.0,0.0,0.0,,19.111267605633802,888.2,119,149,8,9,3
272.0,2023,12.50357142857143,6.949175824175824,18.377808219178082,2216.1,2271.7,365,71.40958904109588,0.0,0.0,0.0,,19.173831775700933,1972.9,110,135,6,9,7
272.0,2024,13.371038251366121,8.337260273972602,18.8603825136612,1399.2,2271.5,366,73.04808743169399,0.0,0.0,0.0,,20.487383177570095,1199.9,102,120,1,19,1
273.0,2019,12.918082191780822,7.454794520547945,18.986301369863014,1082.5,2257.3,365,63.775342465753425,0.0,0.0,0.0,,19.535981308411213,937.1,105,154,8,16,2
273.0,2020,12.510109289617485,7.5275956284153,18.011748633879783,1694.4,2184.3,366,68.47459016393442,0.0,0.0,0.0,,18.673831775700933,1504.1,97,169,5,4,4
273.0,2021,12.60164383561644,7.55041095890411,18.274520547945205,1367.3,2088.5,365,70.68876712328768,0.0,0.0,0.0,,19.016355140186917,1197.1,90,165,3,11,0
273.0,2022,12.531506849315068,7.282093663911846,18.338356164383562,1041.8,2318.6,365,66.44547945205478,0.0,0.0,0.0,,19.677570093457945,861.4,107,162,4,11,1
273.0,2023,13.292307692307691,7.96,19.006849315068493,1942.7,2255.7,365,69.44410958904109,0.0,0.0,0.0,,19.907943925233646,1728.1,102,144,5,14,6
273.0,2024,13.953825136612023,9.094262295081966,19.36120218579235,1400.0,2192.6,366,72.1155737704918,0.0,0.0,0.0,,21.04626168224299,1166.6,93,126,0,26,2
276.0,2019,11.71972602739726,5.935911602209945,18.585479452054795,982.8,2262.2,365,75.25506849315069,5336.22,1262.4,0.0,,18.341588785046728,861.3,126,159,18,15,1
276.0,2020,11.533150684931508,5.705737704918033,18.497808219178083,1285.8,2190.8,366,77.24082191780822,5276.34,1234.8,0.0,,17.886915887850467,1071.9,122,172,17,16,2
276.0,2021,11.593972602739727,5.810136986301369,18.668767123287672,987.7,2109.9,365,68.14862637362637,5373.86,1418.7,0.0,,18.302803738317756,823.3,128,160,13,16,0
276.0,2022,11.317534246575342,4.874861878453038,18.912054794520547,638.5,2316.1,365,64.98,5686.06,1545.3,0.0,,18.78177570093458,514.5,138,165,11,22,0
276.0,2023,12.069315068493152,6.021883656509695,19.58109589041096,1482.2,2317.6,365,69.34657534246575,5678.3,1489.5,0.0,,19.083177570093458,1285.3,130,159,14,25,3
276.0,2024,13.04109589041096,7.18224043715847,19.96967213114754,948.7,2152.5,366,71.73333333333333,5501.3,1449.4,0.0,,20.309345794392524,761.7,118,137,4,51,2
277.0,2019,14.272727272727273,9.635342465753425,19.945604395604395,1455.9,2477.8,365,63.94793388429752,0.0,0.0,0.0,,20.147169811320754,1284.4,63,102,3,19,3
277.0,2020,13.563013698630137,9.124043715846994,18.71120218579235,1308.8,2378.6,366,66.8227397260274,0.0,0.0,0.0,,18.88785046728972,1099.7,58,101,4,7,3
277.0,2021,13.502465753424657,8.996153846153845,18.707123287671234,1287.0,2241.6,365,69.30054794520548,0.0,0.0,0.0,,19.049065420560748,1161.4,61,89,1,3,3
277.0,2022,13.484109589041095,8.781917808219179,18.95808219178082,802.2,2409.7,365,64.45890410958904,0.0,0.0,0.0,,19.763551401869158,539.6,83,103,3,15,1
277.0,2023,14.1853591160221,9.65207756232687,19.149862258953167,1228.7,2462.6,363,67.25371900826445,0.0,0.0,0.0,,20.02169811320755,985.6,66,100,0,7,3
277.0,2024,14.521978021978022,10.14054794520548,19.56,848.4,2340.3,366,70.08791208791209,0.0,0.0,0.0,,20.877830188679248,624.4,67,97,1,27,0
278.0,2019,12.97068493150685,6.407142857142857,20.72,831.3,2374.3,365,65.0027397260274,0.0,0.0,0.0,,20.111682242990653,738.9,124,165,12,31,1
278.0,2020,12.252328767123288,6.14054794520548,19.506010928961746,1128.9,2174.3,366,71.27534246575343,0.0,0.0,0.0,,18.888732394366198,951.6,128,179,19,19,0
278.0,2021,12.423835616438355,6.443681318681318,19.766575342465753,961.7,2079.9,365,73.6745205479452,0.0,0.0,0.0,,19.319158878504673,791.7,118,172,11,22,0
278.0,2022,12.26027397260274,5.758953168044077,19.81041095890411,615.1,2295.8,365,68.64082191780822,0.0,0.0,0.0,,19.871962616822433,499.2,132,172,8,30,0
278.0,2023,13.133701657458563,6.865564738292011,20.37041095890411,1575.4,2224.3,365,72.98736263736264,0.0,0.0,0.0,,20.1392523364486,1408.2,119,167,10,31,2
278.0,2024,13.952459016393444,8.14986301369863,20.865027322404373,970.0,2066.1,366,74.71448087431693,0.0,0.0,0.0,,21.414018691588787,817.3,108,127,2,57,1
279.0,2019,14.20082191780822,9.175616438356164,19.948219178082194,1133.2,2294.6,365,70.52301369863014,0.0,0.0,0.0,,20.74018691588785,1044.0,92,143,3,19,2
279.0,2020,13.95013698630137,9.010382513661202,19.65382513661202,1469.5,2254.7,366,68.51456043956044,0.0,0.0,0.0,,20.10373831775701,1295.4,75,165,3,17,4
279.0,2021,13.993972602739726,9.039285714285715,20.004931506849317,1098.0,2175.2,365,65.49178082191781,0.0,0.0,0.0,,20.4696261682243,928.0,80,140,0,20,1
279.0,2022,13.940821917808218,8.739285714285714,20.025205479452055,792.9,2376.8,365,59.84767123287671,0.0,0.0,0.0,,21.007009345794394,689.3,94,139,2,26,1
279.0,2023,14.491208791208791,9.323561643835616,20.395068493150685,1772.6,2229.7,365,64.05424657534246,0.0,0.0,0.0,,21.100934579439254,1572.3,86,133,0,25,6
279.0,2024,15.213387978142077,10.371584699453551,20.89780821917808,995.7,2167.5,366,65.27185792349727,0.0,0.0,0.0,,22.25981308411215,786.1,74,114,0,51,2
281.0,2019,14.120000000000001,8.36,20.589041095890412,1038.0,2408.1,365,61.25686813186813,0.0,0.0,0.0,,20.653271028037384,924.1,98,142,6,25,2
281.0,2020,13.335890410958905,7.926775956284152,19.301639344262295,1234.5,2193.8,366,67.25315068493151,0.0,0.0,0.0,,19.296728971962615,1023.0,96,144,7,15,2
281.0,2021,13.321643835616438,8.119889502762431,19.464383561643835,1094.2,2133.4,365,69.97890410958904,0.0,0.0,0.0,,19.594859813084113,916.4,87,142,5,12,1
281.0,2022,13.313150684931507,7.626997245179063,19.585753424657536,676.0,2252.2,365,64.38219178082191,0.0,0.0,0.0,,20.239719626168224,585.4,109,153,6,15,0
281.0,2023,13.940000000000001,8.377260273972603,20.052876712328768,1296.0,2274.7,365,68.79260273972602,0.0,0.0,0.0,,20.445327102803738,1093.2,97,144,3,17,2
281.0,2024,14.6827868852459,9.562021857923497,20.52021857923497,1147.9,2096.0,366,70.76174863387978,0.0,0.0,0.0,,21.55747663551402,948.5,80,111,0,45,3
283.0,2019,14.145479452054795,8.761643835616438,20.522739726027396,1239.8,2322.0,365,68.92575342465754,4739.38,1355.7,0.0,,20.260747663551403,1120.2,90,126,5,26,3
283.0,2020,13.90601092896175,8.748633879781421,19.96256830601093,1371.6,2368.8,366,68.0948087431694,4710.81,1408.7,0.0,,19.82943925233645,1121.0,81,121,5,25,4
283.0,2021,13.884657534246575,8.621978021978022,20.043956043956044,1112.1,2146.7,365,69.24931506849315,5275.03,1484.4,0.0,,20.13644859813084,940.0,85,116,5,17,1
283.0,2022,13.895616438356164,8.215616438356165,20.44876712328767,829.5,2351.3,365,64.19397260273972,5623.3,1673.2,0.0,,20.70607476635514,747.4,105,135,5,35,1
283.0,2023,14.456198347107438,9.003561643835617,20.952876712328766,1146.5,2324.3,365,66.82865013774105,5513.02,1609.9,0.0,,20.868867924528303,851.3,93,127,1,28,1
283.0,2024,15.25945205479452,10.168131868131868,21.248360655737702,1085.8,2218.2,366,66.76904109589042,5398.04,1639.2,0.0,,22.14507042253521,852.6,73,113,1,59,2
284.0,2019,12.756712328767122,6.869696969696969,19.635890410958904,1232.3999999999999,2213.2,365,70.1641095890411,0.0,0.0,0.0,,19.19626168224299,1106.8999999999999,117,155,10,8,4
284.0,2020,12.50464480874317,6.95840220385675,19.101912568306012,1726.7,2365.7,366,70.98825136612022,0.0,0.0,0.0,,18.58785046728972,1536.6,107,165,13,12,3
284.0,2021,12.932320441988951,7.2110803324099715,19.55879120879121,1080.2,2326.5,365,71.56942148760331,0.0,0.0,0.0,,19.188732394366195,920.0,102,149,9,9,1
284.0,2022,12.62849315068493,6.470718232044199,19.716164383561644,638.8,2484.4,365,66.92191780821918,0.0,0.0,0.0,,19.64532710280374,504.8,121,148,7,17,0
284.0,2023,13.042857142857144,7.089807162534435,19.954395604395604,1625.4,2390.7,365,71.8706043956044,0.0,0.0,0.0,,19.549065420560748,1391.4,117,133,7,14,4
284.0,2024,13.556010928961749,8.114246575342465,20.05464480874317,1226.0,2309.7,366,74.34043715846994,0.0,0.0,0.0,,20.521495327102805,946.0,100,106,1,32,1
285.0,2019,13.94819944598338,8.033795013850416,20.93729281767956,1417.6,2339.6,365,65.03824362606233,0.0,0.0,0.0,,20.41830985915493,1295.1,108,133,5,27,3
285.0,2020,13.553005464480874,8.107103825136612,19.996448087431695,1733.5,2138.8,366,72.8051912568306,0.0,0.0,0.0,,19.664018691588787,1565.1,93,150,8,14,5
285.0,2021,13.915068493150685,8.562087912087911,20.46986301369863,1146.4,2030.7,365,72.47671232876712,0.0,0.0,0.0,,20.27990654205607,951.8,82,140,3,17,0
285.0,2022,13.80082191780822,7.992857142857143,20.578356164383564,794.3,2355.0,365,64.4613698630137,0.0,0.0,0.0,,20.757009345794394,650.5,101,142,2,27,1
285.0,2023,14.430684931506848,8.914246575342466,20.973698630136987,1771.4,2153.4,365,68.63671232876713,0.0,0.0,0.0,,20.963551401869157,1554.8,96,122,4,19,5
285.0,2024,15.414207650273225,10.288493150684932,21.633060109289616,1267.2,2162.6,366,70.03479452054795,0.0,0.0,0.0,,22.376635514018695,1006.7,79,108,0,59,2
288.0,2019,14.364383561643836,8.684109589041096,20.886575342465754,1181.1,2338.6,365,64.64301369863014,0.0,0.0,0.0,,20.849999999999998,1039.9,100,137,5,24,2
288.0,2020,14.12622950819672,8.805479452054794,20.29590163934426,1398.8,2378.5,366,64.66256830601093,0.0,0.0,0.0,,20.192056074766356,1149.8,85,153,7,21,1
288.0,2021,14.544383561643835,9.164010989010988,21.032692307692308,1202.5,2340.7,365,65.13835616438357,0.0,0.0,0.0,,21.07943925233645,976.1,81,151,2,31,2
288.0,2022,14.609041095890412,8.94027397260274,21.13808219178082,843.1999999999999,2456.7,365,58.54273972602739,0.0,0.0,0.0,,21.532242990654204,737.4,92,159,1,33,1
288.0,2023,15.030494505494506,9.63653846153846,21.36813186813187,1874.0,2327.7,365,62.592307692307685,0.0,0.0,0.0,,21.54413145539906,1632.4,86,138,1,28,5
288.0,2024,15.844535519125683,10.791256830601093,21.904371584699454,1200.9,2287.5,366,62.60054644808743,0.0,0.0,0.0,,22.819626168224296,934.1,74,114,0,62,1
289.0,2019,13.756712328767122,8.402465753424657,20.22794520547945,1769.9,2275.4,365,67.92739726027398,0.0,0.0,0.0,,20.065420560747665,1627.3,100,138,5,19,5
289.0,2020,13.316939890710383,8.271857923497267,19.34426229508197,2136.8,2161.2,366,69.91748633879781,0.0,0.0,0.0,,19.2696261682243,1944.6,91,144,7,9,8
289.0,2021,13.682142857142857,8.488429752066116,19.96301369863014,1142.8,2117.2,365,70.98630136986301,0.0,0.0,0.0,,19.992990654205606,923.0,84,133,2,12,0
289.0,2022,13.424931506849315,7.962534435261708,19.92821917808219,971.4,2297.0,365,66.66794520547946,0.0,0.0,0.0,,20.255607476635515,807.6,106,155,3,18,1
289.0,2023,13.92849315068493,8.661538461538463,20.31095890410959,1938.2,2124.3,365,71.75917808219178,0.0,0.0,0.0,,20.4196261682243,1669.0,96,141,4,16,4
289.0,2024,14.75792349726776,9.752732240437158,20.768032786885247,1513.5,2051.5,366,73.68551912568306,0.0,0.0,0.0,,21.621495327102803,1191.3,86,114,0,43,1
294.0,2019,15.610958904109589,11.505753424657534,20.528767123287672,2268.7,2368.6,365,70.80630136986301,0.0,0.0,0.0,,21.18878504672897,2034.2,34,127,0,10,7
294.0,2020,14.761643835616438,11.065300546448087,19.07049180327869,2481.8,2143.1,366,69.74328767123288,0.0,0.0,0.0,,20.0037558685446,2125.1,31,113,0,6,8
294.0,2021,15.218356164383561,11.427197802197803,19.554794520547944,2227.9,2171.9,365,69.94,0.0,0.0,0.0,,20.796728971962615,1831.5,41,103,0,4,8
294.0,2022,14.843013698630136,11.007123287671233,19.252054794520546,1294.0,2245.8,365,66.30876712328768,0.0,0.0,0.0,,20.844859813084113,1064.1000000000001,62,119,0,0,4
294.0,2023,15.354794520547944,11.464657534246577,19.68109589041096,2585.5,2114.9,365,71.27397260273973,0.0,0.0,0.0,,20.95607476635514,2208.3,45,105,0,10,9
294.0,2024,15.995901639344263,12.248907103825138,20.337158469945354,2213.4,2038.1,366,71.89754098360656,0.0,0.0,0.0,,22.03130841121495,1780.6,31,95,0,13,5
295.0,2019,15.232876712328768,10.938904109589041,20.364109589041096,2171.7,2463.0,365,66.93753424657534,0.0,0.0,0.0,,21.046728971962615,1953.0,55,97,2,13,7
295.0,2020,14.633606557377048,10.6,19.401639344262296,2258.0,2287.2,366,69.1896174863388,0.0,0.0,0.0,,20.05093457943925,1867.6,47,85,0,7,7
295.0,2021,15.122739726027397,11.05945205479452,19.894520547945206,1981.3999999999999,2269.8,365,70.0131506849315,0.0,0.0,0.0,,20.909813084112148,1619.5,48,99,0,7,5
295.0,2022,14.801648351648351,10.632142857142856,19.603296703296703,1338.2,2344.5,365,65.68653846153846,0.0,0.0,0.0,,21.079342723004693,1104.3,66,127,0,2,3
295.0,2023,15.315342465753426,11.28986301369863,20.012054794520548,2699.2000000000003,2208.4,365,70.58191780821919,0.0,0.0,0.0,,21.154205607476637,2324.5,55,117,0,9,10
295.0,2024,15.983287671232876,12.209836065573771,20.52377049180328,2375.1,2190.7,366,71.64438356164383,0.0,0.0,0.0,,22.246948356807515,1843.4,37,96,0,27,7
296.0,2023,15.654929577464788,10.773521126760564,21.1056338028169,1973.5,2056.4,355,68.2456338028169,5374.68,1461.7,0.0,,21.438317757009347,1689.0,66,85,1,14,4
296.0,2024,16.31890410958904,11.607967032967034,21.771428571428572,1613.5,2164.0,366,68.61174863387978,5443.5,1558.3,0.83,,22.829906542056076,1321.5,65,97,0,44,1
