"▣ 연령별","▣ 지역별","▣ 규모별","조성비","재배면적_합계_계","재배면적_합계_논","재배면적_합계_밭","재배면적_합계_임지","재배면적_합계_기타","재배면적_자작지_계","재배면적_자작지_논","재배면적_자작지_밭","재배면적_자작지_임지","재배면적_자작지_기타","재배면적_차용지_계","재배면적_차용지_논","재배면적_차용지_밭","재배면적_차용지_임지","재배면적_차용지_기타","골목본수_계","▣ 전/겸업별","농약비_만본당","수도광열비_만본당","제재료비_만본당","소농구비_만본당","수선비_만본당","임차료_만본당","위탁영농비_만본당","기타비용_만본당","기계_감가상각비_만본당","시설물_감가상각비_만본당","감가상각비_만본당","자동차비_만본당","자가토지용역비_만본당","임차토지용역비_만본당","토지용역비_만본당","자가노동비_만본당","고용노동비_만본당","급식물비_만본당","노동비_만본당","경영비","고정자본용역비_만본당","유동자본용역비_만본당","자본용역비_만본당","생표고_소계 수량_만본당","건표고_소계(생표고 기준) 수량_만본당","총 생산량(생표고 기준)_만본당","생표고_소계(생표고 기준) 평가액_만본당","건표고_소계(생표고 기준) 평가액_만본당","총 평가액(생표고 기준)_만본당","부산물 생산량_만본당","총 노동시간_보통자가_만본당","총 노동시간_보통자가_남_만본당","총 노동시간_보통자가_여_만본당","총 노동시간_보통고용_만본당","총 노동시간_보통고용_남_만본당","총 노동시간_보통고용_여_만본당","총 노동시간_특수자가_만본당","총 노동시간_특수고용_만본당","총 노동시간_합계_만본당","간벌_시간_만본당","건조_시간_만본당","경운_시간_만본당","관수(살수)_시간_만본당","두둑_시간_만본당","멀칭_시간_만본당","배수로 정비 및 관리_시간_만본당","병해충방제_시간_만본당","보식작업_시간_만본당","선별_시간_만본당","수확 및 운반_시간_만본당","시비_시간_만본당","시설물 보수_시간_만본당","식재(조림)_시간_만본당","열매솎기(적과)_시간_만본당","인공교배 또는 수정_시간_만본당","재배지 정리_시간_만본당","전정_시간_만본당","접목 및 관리_시간_만본당","정지_시간_만본당","제초_시간_만본당","종묘 이식_시간_만본당","차광막 설치_시간_만본당","채종_시간_만본당","꽃눈솎기(적뢰)_시간_만본당","출하_시간_만본당","지주세우기_시간_만본당","일반관리_시간_만본당","파종_시간_만본당","골목 눕히기_시간_만본당","골목 뒤집기_시간_만본당","골목 벌채_시간_만본당","골목 세우기_시간_만본당","골목 폐기_시간_만본당","버섯발생작업_시간_만본당","재배장 소독_시간_만본당","종균접종_시간_만본당","천공작업_시간_만본당","표고세척_시간_만본당","기타_시간_만본당","내급비","소득","직접생산비","간접생산비","생산비 합계_만본당","순수익","가중치"
1,34,1,17169283,0.4,0,0.4,0,0,0.4,0,0.4,0,0,0,0,0,0,0,5000,1,0,677200,0,0,0,0,0,0,143083.333333333,2695680,2838763.33333333,1632833.33333333,191600,0,191600,14295028,0,0,14295028,22318079.6666667,362652.342666667,185655.6272,548307.969866667,0,1428,1428,0,16861824,16861824,0,906,472,434,0,0,0,0,0,906,0,184,0,2,0,0,0,0,0,108,612,0,0,0,0,0,0,0,0,0,0,0,0,0,0,0,0,0,0,0,0,0,0,0,0,0,0,0,0,0,15034935.9698667,-5456255.66666666,36613107.6666667,739907.969866667,37353015.6365333,-20491191.6365333,19.3636363636364
1,36,2,17169283,0.66,0,0,0.66,0,0.66,0,0,0.66,0,0,0,0,0,0,10000,2,0,8400,0,0,0,0,0,0,373655,21840,395495,293916.666666667,52800,0,52800,838346,0,0,838346,17867094.6666667,93385.5718,10499.6504,103885.2222,221,0,221,3784300,0,3784300,0,52,32,20,0,0,0,0,0,52,0,0,0,0,0,0,0,0,0,2,46,0,0,0,0,0,0,0,0,0,0,0,0,0,0,4,0,0,0,0,0,0,0,0,0,0,0,0,0,0,995031.2222,-14082794.6666667,18705440.6666667,156685.2222,18862125.8888667,-15077825.8888667,7.125
2,34,1,17169283,0.3,0,0.3,0,0,0,0,0,0,0,0.3,0,0.3,0,0,5000,2,0,230000,0,0,75000,0,0,2270400,465729.166666667,131368.421052632,597097.587719298,1959416.66666667,0,479200,479200,2020256,0,0,2020256,22780397.254386,363633.528289474,56986.1344,420619.662689474,0,85.68,85.68,0,711144,711144,0,116,116,0,0,0,0,0,0,116,0,2,0,6,0,0,0,0,0,0,108,0,0,0,0,0,0,0,0,0,0,0,0,0,0,0,0,0,0,0,0,0,0,0,0,0,0,0,0,0,2440875.66268947,-22069253.254386,24321453.254386,899819.662689474,25221272.9170754,-24510128.9170754,19.3636363636364
2,34,2,17169283,1.15,0,0,1.15,0,1.15,0,0,1.15,0,0,0,0,0,0,11500,2,0,311043.47826087,0,0,13043.4782608696,0,0,1359652.17391304,37339.1304347826,47821.7391304348,85160.8695652174,340768.115942029,200000,0,200000,20346329.5652174,0,0,20346329.5652174,19278951.115942,101799.74626087,273172.851826087,374972.598086957,1886.95652173913,0,1886.95652173913,16187304.3478261,0,16187304.3478261,434.782608695652,1240.86956521739,987.826086956522,253.04347826087,0,0,0,0,0,1240.86956521739,0,0,0,17.3913043478261,0,0,0,0,0,0,553.04347826087,0,0,0,0,0,0,0,0,0,0,0,15.6521739130435,0,0,0,16.5217391304348,0,0,199.130434782609,329.565217391304,0,55.6521739130435,53.9130434782609,0,0,0,0,0,0,20921302.1633043,-3091646.76811594,39625280.6811594,574972.598086957,40200253.2792464,-24012948.9314203,19.3636363636364
2,36,1,17169283,0.39,0,0,0.39,0,0.39,0,0,0.39,0,0,0,0,0,0,5050,2,0,49900.9900990099,0,0,0,0,0,0,379115.511551155,134451.485148515,513566.99669967,785717.821782178,522772.277227723,0,522772.277227723,337203.96039604,0,0,337203.96039604,18518468.8085809,263929.867689769,4800.10138613861,268729.969075908,0,2474.25742574257,2474.25742574257,0,36668495.0495049,36668495.0495049,0,19.8019801980198,19.8019801980198,0,0,0,0,0,0,19.8019801980198,0,1.98019801980198,0,0,0,0,0,0,0,0,17.8217821782178,0,0,0,0,0,0,0,0,0,0,0,0,0,0,0,0,0,0,0,0,0,0,0,0,0,0,0,0,0,1128706.20669967,18150026.2409241,18855672.7689769,791502.24630363,19647175.0152805,17021320.0342244,4
2,36,1,17169283,0.68,0,0,0.68,0,0.68,0,0,0.68,0,0,0,0,0,0,8500,2,0,233411.764705882,91764.7058823529,0,10588.2352941176,0,0,180000,290252.941176471,99105.8823529412,389358.823529412,0,99294.1176470588,0,99294.1176470588,4231467.05882353,0,0,4231467.05882353,18074406.5294118,122340.289176471,58865.6738823529,181205.963058824,2.35294117647059,1965.6,1967.95294117647,44235.2941176471,22473360,22517595.2941176,0,217.647058823529,212.941176470588,4.70588235294118,0,0,0,18.8235294117647,0,236.470588235294,0,5.88235294117647,0,0,0,0,0,0,0,12.9411764705882,61.1764705882353,0,0,0,0,0,0,0,0,0,82.3529411764706,0,41.1764705882353,0,0,10.5882352941176,7.05882352941177,0,0,0,0,0,0,0,0,0,0,0,0,15.2941176470588,4511967.13952941,4443188.76470588,22305873.5882353,280500.080705882,22586373.6689412,-68778.3748235293,4
2,36,2,17169283,0.4,0,0.4,0,0,0.4,0,0.4,0,0,0,0,0,0,0,10500,2,0,223619.047619048,98476.1904761905,0,8571.42857142857,5238.09523809524,0,810190.476190476,186858.73015873,135559.69924812,322418.42940685,357666.666666667,469333.333333333,0,469333.333333333,9003764.76190476,1096533.33333333,0,10100298.0952381,20091996.6675021,206128.702642606,139455.277333333,345583.97997594,158.095238095238,1366.8,1524.89523809524,3625333.33333333,14948440,18573773.3333333,0,536.190476190476,329.52380952381,206.666666666667,66.6666666666667,66.6666666666667,0,21.9047619047619,0,624.761904761905,0,4.76190476190476,0,0,0,0,0,0,0,16.1904761904762,191.428571428571,0,0,0,0,0,0,0,0,0,21.9047619047619,0,0,0,0,23.8095238095238,0,0,0,0,0,0,189.52380952381,153.333333333333,0,0,0,0,0,23.8095238095238,9818682.07521404,-1518223.33416876,29095761.4294069,814917.313309273,29910678.7427161,-11336905.4093828,7.125
2,36,2,17169283,1.8,0,0,1.8,0,1.8,0,0,1.8,0,0,0,0,0,0,16500,2,0,471454.545454545,47272.7272727273,0,19575.7575757576,0,0,750727.272727273,232546.464646465,83956.3636363636,316502.828282828,341409.090909091,203757.575757576,0,203757.575757576,3594663.63636364,0,0,3594663.63636364,19116225.2222222,139488.062181818,60557.8048484848,200045.867030303,4.24242424242424,5088.87272727273,5093.11515151515,90363.6363636364,56790261.8181818,56880625.4545455,0,121.818181818182,120.606060606061,1.21212121212121,0,0,0,66.0606060606061,0,187.878787878788,0,4.24242424242424,0,0,0,0,0,0,0,12.1212121212121,82.4242424242424,0,0,0,0,0,0,0,0,0,66.0606060606061,0,0,0,0,8.48484848484848,0,0,0,0,0,0,0,0,0,0,0,0,0,14.5454545454545,3998467.07915151,37764400.2323232,22710888.8585859,403803.442787879,23114692.3013737,33765933.1531717,7.125
2,36,2,17169283,1.9,0,0,1.9,0,1.9,0,0,1.9,0,0,0,0,0,0,19000,2,0,295105.263157895,20526.3157894737,0,2105.26315789474,0,0,683947.368421053,628519.736842105,160148.476454294,788668.213296399,296486.842105263,197473.684210526,0,197473.684210526,2693572.63157895,0,0,2693572.63157895,19256122.265928,246371.413196676,45821.1848421053,292192.598038781,13.1578947368421,2803.38947368421,2816.54736842105,178789.473684211,36611665.2631579,36790454.7368421,0,117.368421052632,77.8947368421053,39.4736842105263,0,0,0,37.3684210526316,0,154.736842105263,0,5.26315789473684,0,0,0,0,0,0,0,9.47368421052632,94.7368421052632,0,0,0,0,0,0,0,0,0,37.3684210526316,0,0,0,0,5.78947368421053,0,0,0,0,0,0,0,0,0,0,0,0,0,2.10526315789474,3183238.91382826,17534332.4709141,21949694.8975069,489666.282249307,22439361.1797562,14351093.5570859,7.125
2,36,3,17169283,0.83,0.83,0,0,0,0.83,0.83,0,0,0,0,0,0,0,0,22500,2,0,749777.777777778,104000,0,6000,479111.111111111,1777777.77777778,1754400,93152.5925925926,46854.7368421053,140007.329434698,827944.444444444,176000,0,176000,6979083.11111111,3096901.33333333,699111.111111111,10775095.5555556,26320077.870609,101514.941158674,199104.678222222,300619.619380897,12,7746.10666666666,7758.10666666666,151200,93875133.3333333,94026333.3333333,0,368,368,0,68.8888888888889,55.5555555555556,13.3333333333333,30.2222222222222,85.3333333333333,552.444444444444,0,14.2222222222222,0,0,0,0,0,0,0,23.1111111111111,254.222222222222,0,0,0,0,0,0,0,0,0,28.4444444444444,0,0,0,0,12.4444444444444,0,0,0,0,0,0,217.333333333333,0,0,0,0,0,0,2.66666666666667,7939938.7448733,67706255.4627244,33783396.9961014,476619.619380897,34260016.6154823,59766316.7178511,4.94736842105263
2,36,3,17169283,1.21,0,0,1.21,0,1.21,0,0,1.21,0,0,0,0,0,0,20000,1,0,85550,0,0,0,0,0,872100,122758.333333333,70535.1315789474,193293.464912281,1734895.83333333,213000,0,213000,1051623.5,107500,37500,1196623.5,20166100.1416333,306411.071807017,26712.9914,333124.063207017,99.5,1210.23,1309.73,904050,12445734,13349784,0,20,4.5,15.5,0,0,0,35,5,60,0,0,0,0,0,0,0,0,0,0,29.5,0,0,0,0,0,0,0,0,0,30.5,0,0,0,0,0,0,0,0,0,0,0,0,0,0,0,0,0,0,0,1631769.71981932,-6816316.14163331,21251745.7982456,546124.063207017,21797869.8614526,-8448085.86145263,4.94736842105263
2,36,3,17169283,1.76,0,0,1.76,0,1.76,0,0,1.76,0,0,0,0,0,0,27000,1,0,310740.740740741,0,0,0,244444.444444444,0,593777.777777778,182382.716049383,39209.4541910331,221592.170240416,0,391185.185185185,0,391185.185185185,3154080,1222222.22222222,112222.222222222,4488524.44444444,19793401.9965789,50132.5207797271,69904.8438518519,120037.364631579,0,6148.33333333333,6148.33333333333,0,70366551.1111111,70366551.1111111,0,199.259259259259,106.296296296296,92.962962962963,17.7777777777778,17.7777777777778,0,0,35.5555555555556,252.592592592593,0,1.85185185185185,0,0,0,0,0,0,0,4.44444444444444,178.888888888889,0,0,0,0,0,0,0,0,0,0,0,0,0,0,0,0,0,0,0,0,0,65.9259259259259,0,0,0,0,0,0,1.48148148148148,3746183.13088571,50573149.1145322,23028362.5776478,511222.549816764,23539585.1274646,46826965.9836465,4.94736842105263
2,36,3,17169283,1.98,0,0,1.98,0,1.98,0,0,1.98,0,0,0,0,0,0,30500,2,0,111639.344262295,0,0,0,0,0,35213.1147540984,512751.912568306,48691.8032786885,561443.715846995,1338393.44262295,207737.704918033,0,207737.704918033,713764.590163934,373770.491803279,141967.213114754,1229502.29508197,19638535.2410982,210944.89704918,17066.7989508197,228011.696,11.4754098360656,3017.52786885246,3029.00327868852,134295.081967213,33716718.6885246,33851013.7704918,2295.08196721311,49.8360655737705,10.4918032786885,39.344262295082,18.3606557377049,18.3606557377049,0,0,0,68.1967213114754,0,0.983606557377049,0,0,0,0,0,0,0,5.24590163934426,34.0983606557377,0,0,0,0,0,0,0,0,0,7.86885245901639,0,0,0,0,0,0,0,0,0,0,0,19.672131147541,0,0,0,0,0,0,0.327868852459016,1242689.0723881,14212478.5293936,20445474.9125683,435749.400918033,20881224.3134863,12969789.4570055,4.94736842105263
2,36,3,17169283,2.31,0,0,2.31,0,2.31,0,0,2.31,0,0,0,0,0,0,26000,2,0,194576.923076923,0,0,0,0,0,436153.846153846,190442.307692308,80652.6315789474,271094.939271255,429397.435897436,270769.230769231,0,270769.230769231,3712716.92307692,1886923.07692308,294615.384615385,5894255.38461538,20486706.4191509,108082.665700405,82340.5975384615,190423.263238866,48.4615384615385,1793.23846153846,1841.7,871538.461538462,17385900,18257438.4615385,0,208.461538461538,124.615384615385,83.8461538461538,80,80,0,15,11.1538461538462,314.615384615385,0,1.15384615384615,0,0,0,0,0,0,0,10.7692307692308,114.230769230769,0,0,0,0,0,0,0,0,0,11.1538461538462,0,0,0,0,0,0,0,0,0,0,0,176.538461538462,0,0,0,0,0,0,0.769230769230769,4369247.60387209,-2229267.9576124,24394761.5290148,461192.494008097,24855954.0230229,-6598515.56148449,4.94736842105263
2,36,3,17169283,3.15,0,0,3.15,0,3.15,0,0,3.15,0,0,0,0,0,0,29000,1,0,203758.620689655,0,0,0,0,0,496551.724137931,124633.620689655,20933.666061706,145567.286751361,281528.735632184,358068.965517241,0,358068.965517241,2440838.62068966,0,0,2440838.62068966,18296689.3672111,73347.276569873,38950.2471724138,112297.523742287,20.6896551724138,1917.95172413793,1938.64137931034,217241.379310345,24809530.3448276,25026771.7241379,0,131.379310344828,123.448275862069,7.93103448275862,0,0,0,6.89655172413793,0,138.275862068966,0,1.37931034482759,0,0,0,0,0,0,0,3.44827586206897,63.7931034482759,0,0,0,0,0,0,0,0,0,0,0,0,0,0,0,0,0,0,0,0,0,68.9655172413793,0,0,0,0,0,0,0.689655172413793,2911205.10994918,6730082.3569268,20737527.9879008,470366.489259528,21207894.4771603,3818877.24697761,4.94736842105263
2,36,3,17169283,3.5,0,0,3.5,0,0,0,0,0,0,3.5,0,0,3.5,0,35000,2,0,678114.285714286,111428.571428571,0,21342.8571428571,0,0,0,142057.142857143,50670.6766917293,192727.819548872,377892.857142857,0,154000,154000,6590404.85714286,2540175.42857143,0,9130580.28571429,21244964.8195489,98881.482318797,123274.1784,222155.660718797,0,9932.76,9932.76,0,102178704,102178704,0,410.285714285714,229.142857142857,181.142857142857,200.285714285714,44.5714285714286,155.714285714286,12.2857142857143,0,622.857142857143,0,1.42857142857143,0,0,0,0,0,0,0,12.8571428571429,391.714285714286,0,3.42857142857143,0,0,0,0,0,0,0,5.42857142857143,0,5.42857142857143,0,0,2.28571428571429,0,0,0,27.1428571428571,0,6.85714285714286,164.857142857143,0,0,0,0,0,0,1.42857142857143,6812560.51786165,80933739.1804511,27681369.6766917,376155.660718797,28057525.3374105,74121178.6625895,4.94736842105263
2,37,2,17169283,0.28,0,0.28,0,0,0.28,0,0.28,0,0,0,0,0,0,0,10000,2,0,111300,0,0,0,0,0,0,44820,34369.4210526316,79189.4210526316,653125,1150000,0,1150000,8619917,0,0,8619917,18012897.4210526,125044.790193684,108267.0908,233311.880993684,2815,0,2815,28722800,0,28722800,0,511,280,231,0,0,0,20,0,531,0,0,0,0,0,0,0,0,0,51,442,0,10,0,0,0,0,0,0,0,20,0,0,0,0,8,0,0,0,0,0,0,0,0,0,0,0,0,0,0,10003228.8809937,10709902.5789474,26632814.4210526,1383311.88099368,28016126.3020463,706673.697953686,12.4444444444444
2,99,1,17169283,0.4,0,0,0.4,0,0,0,0,0,0,0.4,0,0,0.4,0,6000,2,0,294000,0,0,0,550000,0,0,322472.222222222,40560,363032.222222222,1258611.11111111,0,110000,110000,5184408.33333333,0,0,5184408.33333333,19744926.3333333,151986.2296,74752.2633333333,226738.492933333,741.666666666667,3986.5,4728.16666666667,7620333.33333333,40263650,47883983.3333333,0,338.333333333333,188.333333333333,150,0,0,0,0,0,338.333333333333,0,16.6666666666667,0,0,0,0,0,0,0,0,321.666666666667,0,0,0,0,0,0,0,0,0,0,0,0,0,0,0,0,0,0,0,0,0,0,0,0,0,0,0,0,0,5411146.82626667,28139057,24819334.6666667,336738.492933333,25156073.1596,22727910.1737333,19.375
2,99,2,17169283,0.66,0,0,0.66,0,0,0,0,0,0,0.66,0,0,0.66,0,15000,1,0,173600,0,0,0,0,0,0,204347.222222222,17680,222027.222222222,429972.222222222,0,798600,798600,2557002.66666667,0,0,2557002.66666667,18793482.4444444,68822.4248888889,33859.4730666667,102681.897955556,232,842.52,1074.52,2448000,8424724,10872724,0,164,89.3333333333333,74.6666666666667,0,0,0,3.33333333333333,0,167.333333333333,0,4,0,0,0,0,0,0,0,0,156.666666666667,0,0,0,0,0,0,0,0,0,0,0,0,0,0,0,0,0,0,0,0,6.66666666666667,0,0,0,0,0,0,0,0,2659684.56462222,-7920758.44444445,20551885.1111111,901281.897955556,21453167.0090667,-10580443.0090667,19.375
3,34,1,17169283,0.1,0,0,0.1,0,0,0,0,0,0,0.1,0,0,0.1,0,5000,2,0,244000,0,0,0,0,0,0,250983.333333333,33952,284935.333333333,636800,0,770000,770000,4129748,0,0,4129748,19105018.3333333,118536.80552,54234.4752,172771.28072,544,0,544,6216000,0,6216000,0,222,114,108,0,0,0,32,0,254,0,0,0,0,0,0,0,0,0,10,212,0,0,0,0,0,0,0,0,0,32,0,0,0,0,0,0,0,0,0,0,0,0,0,0,0,0,0,0,0,4302519.28072,-12889018.3333333,22464766.3333333,942771.28072,23407537.6140533,-17191537.6140533,19.3636363636364
3,34,1,17169283,0.23,0,0.23,0,0,0.23,0,0.23,0,0,0,0,0,0,0,5000,2,0,50400,0,0,0,0,0,0,553615.833333333,93600,647215.833333333,489866.666666667,575000,0,575000,10235040,0,0,10235040,18356765.5,215207.58,127539.456,342747.036,1910,171.36,2081.36,6494000,2159136,8653136,0,576,576,0,0,0,0,0,0,576,0,76,0,2,0,0,0,0,0,48,450,0,0,0,0,0,0,0,0,0,0,0,0,0,0,0,0,0,0,0,0,0,0,0,0,0,0,0,0,0,11152787.036,-9703629.5,28591805.5,917747.036,29509552.536,-20856416.536,19.3636363636364
3,34,1,17169283,1,0,0,1,0,0,0,0,0,0,1,0,0,1,0,9000,2,0,307777.777777778,0,0,0,0,0,0,212032.87037037,61841.7543859649,273874.624756335,272129.62962963,0,121000,121000,5709928.88888889,0,0,5709928.88888889,18144065.0321637,117439.631610916,74619.5626666667,192059.194277583,291.111111111111,452.2,743.311111111111,4458111.11111111,4657660,9115771.11111111,0,334.444444444444,201.111111111111,133.333333333333,0,0,0,17.7777777777778,0,352.222222222222,0,0,0,0,0,0,0,0,0,25.5555555555556,308.888888888889,0,0,0,0,0,0,0,0,0,17.7777777777778,0,0,0,0,0,0,0,0,0,0,0,0,0,0,0,0,0,0,0,5901988.08316647,-9028293.92105263,23732993.9210526,313059.194277583,24046053.1153302,-14930282.0042191,19.3636363636364
3,34,1,17169283,3.92,0,0,3.92,0,0,0,0,0,0,3.92,0,0,3.92,0,5200,2,0,129230.769230769,0,0,0,0,0,0,747580.128205128,210000,957580.128205128,0,0,346923.076923077,346923.076923077,12204478.8461538,0,0,12204478.8461538,18603016.974359,305122.269230769,152937.999230769,458060.268461538,115.384615384615,1839.92307692308,1955.30769230769,392307.692307692,18583223.0769231,18975530.7692308,0,736.538461538462,576.923076923077,159.615384615385,0,0,0,0,0,736.538461538462,0,126.923076923077,0,0,0,0,0,0,0,92.3076923076923,517.307692307692,0,0,0,0,0,0,0,0,0,0,0,0,0,0,0,0,0,0,0,0,0,0,0,0,0,0,0,0,0,12662539.1146154,372513.794871796,30460572.7435897,804983.345384615,31265556.0889744,-12290025.3197436,19.3636363636364
3,34,2,17169283,0.23,0,0,0.23,0,0.23,0,0,0.23,0,0,0,0,0,0,10000,2,0,124600,0,0,0,0,0,0,290829.166666667,59856,350685.166666667,21816.6666666667,243900,0,243900,1896777,0,0,1896777,17666384.8333333,96308.7649533333,25065.0748,121373.839753333,177,0,177,2527800,0,2527800,0,95,54,41,0,0,0,20,0,115,0,0,0,0,0,0,0,0,0,16,79,0,0,0,0,0,0,0,0,0,20,0,0,0,0,0,0,0,0,0,0,0,0,0,0,0,0,0,0,0,2262050.83975333,-15138584.8333333,19563161.8333333,365273.839753333,19928435.6730867,-17400635.6730867,19.3636363636364
3,34,3,17169283,4,0,0,4,0,0,0,0,0,0,4,0,0,4,0,50000,2,0,438780,199940,0,0,0,0,0,559206.916666667,8985.6,568192.516666667,0,0,110000,110000,3489840.6,7024746.2,60000,10574586.8,25551027.4356794,76117.480786,139045.00432,215162.485106,498.4,2450.448,2948.848,6916800,27207541.2,34124341.2,0,183,119.8,63.2,474.2,210.2,264,23.8,6.8,687.8,0,4.8,0,1.2,0,0,0,0,0,95.6,385.2,0,0,0,0,0,0,0,0,0,30.6,0,0,0,0,0,0,0,0,0,0,0,170.4,0,0,0,0,0,0,0,3724917.36609325,8573313.76432059,28950782.3166667,325162.485106,29275944.8017727,4848396.39822734,19.3636363636364
3,36,1,17169283,0.28,0,0,0.28,0,0.28,0,0,0.28,0,0,0,0,0,0,8000,2,0,80625,0,0,1750,0,0,0,184570.833333333,86805.7894736842,271376.622807018,230645.833333333,191500,0,191500,839615,0,0,839615,17753680.4561404,133643.214433333,11432.676,145075.890433333,0,383.775,383.775,0,3012187.5,3012187.5,0,45,25,20,0,0,0,6.25,0,51.25,0,1.25,0,0,0,0,0,0,0,2.5,40,0,0,0,0,0,0,0,0,0,6.25,0,0,0,0,1.25,0,0,0,0,0,0,0,0,0,0,0,0,0,0,1176190.89043333,-14741492.9561404,18593295.4561404,336575.890433333,18929871.3465737,-15917683.8465737,4
3,36,1,17169283,0.41,0,0,0.41,0,0.41,0,0,0.41,0,0,0,0,0,0,7100,2,0,73661.9718309859,6901.40845070423,0,12535.2112676056,0,0,0,236129.107981221,21971.8309859155,258100.938967136,800309.85915493,100985.915492958,0,100985.915492958,2978861.97183099,0,0,2978861.97183099,18320792.3896714,139475.406666667,38092.3109859155,177567.717652582,205.633802816901,261.464788732394,467.098591549296,1744366.1971831,2774543.66197183,4518909.85915493,0,147.887323943662,147.887323943662,0,0,0,0,19.7183098591549,0,167.605633802817,0,2.8169014084507,0,1.40845070422535,0,0,0,0,0,8.45070422535211,95.774647887324,0,0,0,0,0,0,0,0,0,7.04225352112676,0,4.22535211267606,0,0,1.40845070422535,0,0,0,30.9859154929577,0,12.6760563380282,0,0,0,0,0,0,0,2.8169014084507,3257415.60497653,-13801882.5305164,21299654.3615023,278553.63314554,21578207.9946479,-17059298.135493,4
3,36,1,17169283,0.62,0,0,0.62,0,0.62,0,0,0.62,0,0,0,0,0,0,9500,1,0,92842.1052631579,0,0,0,0,0,0,125677.192982456,128722.71468144,254399.907663897,0,352000,0,352000,463724.210526316,0,0,463724.210526316,17516525.0129271,117544.381385042,6901.42231578947,124445.803700831,25.2631578947368,1931.55789473684,1956.82105263158,377263.157894737,22804408.4210526,23181671.5789474,0,32.6315789473684,6.31578947368421,26.3157894736842,0,0,0,0,0,32.6315789473684,0,2.10526315789474,0,0,0,0,0,0,0,2.10526315789474,28.4210526315789,0,0,0,0,0,0,0,0,0,0,0,0,0,0,0,0,0,0,0,0,0,0,0,0,0,0,0,0,0,940170.014227147,5665146.56602031,17980249.2234534,476445.803700831,18456695.0271542,4724976.55179317,4
3,36,1,17169283,0.84,0,0,0.84,0,0.84,0,0,0.84,0,0,0,0,0,0,5000,2,0,625600,0,0,8400,33000,0,151000,237500,188382.315789474,425882.315789474,751100,880000,0,880000,12068996,0,0,12068996,19164265.3157895,319995.216181053,159798.7504,479793.966581053,330,2998.8,3328.8,3355600,32087160,35442760,0,354,174,180,0,0,0,306,0,660,0,12,0,0,0,0,0,0,0,40,256,0,0,0,0,0,0,0,0,0,306,0,0,0,0,46,0,0,0,0,0,0,0,0,0,0,0,0,0,0,13428789.9665811,16278494.6842105,31233261.3157895,1359793.96658105,32593055.2823705,2849704.71762947,4
3,36,1,17169283,1.01,0,0,1.01,0,1.01,0,0,1.01,0,0,0,0,0,0,6800,2,0,40441.1764705882,0,0,0,80882.3529411765,0,1815294.11764706,1895352.94117647,149647.445820433,2045000.3869969,1500796.56862745,199264.705882353,0,199264.705882353,550041.176470588,0,0,550041.176470588,22651697.6026832,498198.159133127,30834.5694117647,529032.728544892,0,2457,2457,0,23988300,23988300,0,33.8235294117647,22.0588235294118,11.7647058823529,0,0,0,0,0,33.8235294117647,0,2.94117647058824,0,0,0,0,0,0,0,0,30.8823529411765,0,0,0,0,0,0,0,0,0,0,0,0,0,0,0,0,0,0,0,0,0,0,0,0,0,0,0,0,0,1278338.61089783,1336602.39731682,23201738.7791538,728297.434427245,23930036.213581,58263.7864189893,4
3,36,1,17169283,1.98,0,0,1.98,0,1.98,0,0,1.98,0,0,0,0,0,0,8000,2,0,542500,28500,0,0,0,0,66000,166750,75884.5394736842,242634.539473684,2551354.16666667,660000,0,660000,2626493.75,0,0,2626493.75,20600271.7061404,351362.99,40467.3225,391830.3125,287.5,9790.725,10078.225,3682375,111145702.5,114828077.5,0,181.25,35,146.25,0,0,0,0,0,181.25,0,2.5,0,0,0,0,0,0,0,20,156.25,0,0,0,0,0,0,0,0,0,0,0,0,0,0,0,0,0,0,0,0,0,0,0,0,0,0,0,0,2.5,3678324.0625,94227805.7938596,23226765.4561404,1051830.3125,24278595.7686404,90549481.7313596,4
3,36,2,17169283,0.48,0.48,0,0,0,0.48,0.48,0,0,0,0,0,0,0,0,10300,1,0,41165.0485436893,0,0,0,0,0,110679.611650485,163333.333333333,58939.4481349004,222272.781468234,1981634.30420712,512621.359223301,0,512621.359223301,0,220194.174757282,0,220194.174757282,19745228.9206268,-129392.832549821,4613.28155339806,-124779.550996423,33.0097087378641,970.485436893204,1003.49514563107,346601.941747573,11063533.9805825,11410135.9223301,0,0,0,0,24.2718446601942,0,24.2718446601942,0,0,24.2718446601942,0,0,0,0,0,0,0,0,0,0,24.2718446601942,0,0,0,0,0,0,0,0,0,0,0,0,0,0,0,0,0,0,0,0,0,0,0,0,0,0,0,0,0,387841.808226878,-8335092.99829672,19745228.9206268,387841.808226878,20133070.7288537,-8722934.8065236,7.125
3,36,2,17169283,0.73,0,0,0.73,0,0.73,0,0,0.73,0,0,0,0,0,0,10500,1,0,242190.476190476,0,0,0,0,0,1064666.66666667,82285.7142857143,78195.4887218045,160481.203007519,1113444.44444444,333523.80952381,0,333523.80952381,1663723.80952381,963038.095238095,0,2626761.9047619,20713103.8855472,217299.644912281,48776.8761904762,266076.521102757,0,6426,6426,0,69051960,69051960,0,115.238095238095,28.5714285714286,86.6666666666667,75.2380952380952,8.57142857142857,66.6666666666667,0,0,190.47619047619,0,0.952380952380952,0,0,0,0,0,0,0,15.2380952380952,168.571428571429,0,0,0,0,0,0,0,0,0,3.80952380952381,0,0,0,0,0,0,0,0,0,0,0,0,0,0,0,0,0,0,1.9047619047619,2263324.14015038,48338856.1144528,22376827.695071,599600.330626566,22976428.0256976,46075531.9743024,7.125
3,36,2,17169283,1.3,0,0,1.3,0,0,0,0,0,0,1.3,0,0,1.3,0,19700,2,0,324314.720812183,0,0,16751.269035533,0,0,284974.61928934,135616.751269036,71981.7258883249,207598.47715736,285951.776649746,0,102182.741116751,102182.741116751,2589154.82233503,219289.340101523,76142.1319796954,2884586.29441624,18616291.285038,102512.48564467,43531.7736040609,146044.259248731,1.52284263959391,993.07614213198,994.598984771574,28477.1573604061,10896654.822335,10925131.9796954,0,125.888324873096,58.3756345177665,67.51269035533,0,0,0,32.48730964467,17.258883248731,175.634517766497,0,4.56852791878173,0,3.55329949238579,0,0,7.61421319796954,0,0,9.13705583756345,97.4619289340102,0,0,0,0,0,0,0,0,0,49.746192893401,0,0,0,1.01522842639594,1.52284263959391,0,0,0,0,0,0,0,0,0,0,0,0,0,1.01522842639594,2805395.87268786,-7691159.3053426,21173460.1573604,248227.000365482,21421687.1577259,-10496555.1780305,7.125
3,36,2,17169283,1.32,0,0,1.32,0,1.32,0,0,1.32,0,0,0,0,0,0,15000,2,0,120400,0,0,0,0,0,1939200,426500,5241.33333333333,431741.333333333,5442777.77777778,352000,0,352000,2123657.33333333,2266666.66666667,800000,5190324,27783098.279321,746449.823911111,89899.0576,836348.881511111,0,923.44,923.44,0,9877476,9877476,0,92.6666666666667,67.3333333333333,25.3333333333333,0,0,0,29.3333333333333,82.6666666666667,204.666666666667,0,0,0,0,0,0,0,0,0,0,50,0,0,0,0,0,0,0,0,0,26,0,0,0,0,0,0,0,0,0,0,127.333333333333,0,0,0,0,0,0,0,1.33333333333333,3698976.7133012,-17905622.279321,30293726.1111111,1188348.88151111,31482074.9926222,-21604598.9926222,7.125
3,36,3,17169283,0.98,0,0,0,0.98,0.98,0,0,0,0.98,0,0,0,0,0,24000,2,0,72083.3333333333,0,0,0,0,0,0,270431.944444444,72235.8771929825,342667.821637427,2976527.77777778,355666.666666667,0,355666.666666667,860005.833333333,120948.75,0,980954.583333333,20681510.6827485,274874.913582164,13057.6701666667,287932.58374883,14.5833333333333,874.65,889.233333333333,300250,9198105,9498355,0,56.6666666666667,24.1666666666667,32.5,7.91666666666667,4.16666666666667,3.75,0,0,64.5833333333333,0,1.25,0,0,0,0,0,0,0,14.5833333333333,47.9166666666667,0,0,0,0,0,0,0,0,0,0,0,0,0,0,0,0,0,0,0,0,0,0,0,0,0,0,0,0,0.833333333333333,1503605.08374883,-11183155.6827485,21541516.5160819,643599.250415497,22185115.7664974,-12686760.7664974,4.94736842105263
3,36,3,17169283,1.6,0,0,1.6,0,1.6,0,0,1.6,0,0,0,0,0,0,22000,1,0,199045.454545455,0,0,6818.18181818182,720000,0,460909.090909091,87237.8787878788,38711.3397129187,125949.218500797,834988.636363636,184000,0,184000,2265727.27272727,756363.636363636,109090.909090909,3131181.81818182,20300660.3007628,28028.9727559809,56022.6363636364,84051.6091196172,237.727272727273,3910.77272727273,4148.5,2146318.18181818,39578642.7272727,41724960.9090909,0,111.363636363636,111.363636363636,0,14.5454545454545,14.5454545454545,0,14.5454545454545,20.4545454545455,160.909090909091,0,1.36363636363636,0,0,0,0,0,0,0,6.81818181818182,98.1818181818182,0,0,0,0,0,0.909090909090909,0,0,0,14.5454545454545,0,0,0,0,0,0,0,0,0,0,0,36.8181818181818,0,0,0,0,0,0,2.27272727272727,2615566.70867578,21424300.6083281,22648175.400319,268051.609119617,22916227.0094386,18808733.8996523,4.94736842105263
3,36,3,17169283,1.7,0,0,1.7,0,1.7,0,0,1.7,0,0,0,0,0,0,32000,1,0,94062.5,0,0,0,0,0,466937.5,54027.0833333333,70815.7894736842,124842.872807018,318919.270833333,330031.25,0,330031.25,818442.8125,0,0,818442.8125,18174045.1436404,93408.0963388158,17105.090875,110513.187213816,10.9375,1814.00625,1824.94375,269437.5,20660482.5,20929920,0,51.875,29.375,22.5,0,0,0,0,0,51.875,0,0.9375,0,0,0,0,0,0,0,0,50.3125,0,0,0,0,0,0,0,0,0,0,0,0,0,0,0,0,0,0,0,0,0,0,0,0,0,0,0,0,0.625,1258987.24971382,2755874.85635965,18992487.9561404,440544.437213816,19433032.3933542,1496887.60664583,4.94736842105263
3,36,3,17169283,2.06,0,0,2.06,0,2.06,0,0,2.06,0,0,0,0,0,0,41000,2,0,62682.9268292683,0,0,0,225365.853658537,0,522878.048780488,33352.8455284553,19813.1578947368,53166.0034231921,398260.162601626,171707.317073171,0,171707.317073171,582841.951219512,595219.512195122,187804.87804878,1365866.34146341,19121744.55307,31238.7362396234,26992.2353170732,58230.9715566966,0,1574.28292682927,1574.28292682927,0,18394903.902439,18394903.902439,0,30.4878048780488,30.4878048780488,0,39.2682926829268,9.75609756097561,29.5121951219512,2.19512195121951,7.07317073170732,79.0243902439024,0,0.975609756097561,0,0,0,0,0,0,0,0,60,0,0,0,0,0,0,0,0,0,0,0,0,0,0,0,0,0,0,0,0,0,18.0487804878049,0,0,0,0,0,0,0,905696.072316406,-726840.650630966,19797502.3367565,229938.288629867,20027440.6253864,-1632536.72294737,4.94736842105263
3,36,3,17169283,2.34,0,0,2.34,0,0,0,0,0,0,2.34,0,0,2.34,0,46000,2,0,148260.869565217,42391.3043478261,0,5695.65217391304,21521.7391304348,0,0,68163.0434782609,10352.4027459954,78515.4462242563,191684.782608696,0,54695.652173913,54695.652173913,3648341.73913043,908949.565217391,27173.9130434783,4584465.2173913,18626417.835367,33378.6050297483,59548.9513043478,92927.5563340961,0,3605.7,3605.7,0,34162261.3043478,34162261.3043478,0,197.608695652174,166.304347826087,31.304347826087,71.304347826087,3.47826086956522,67.8260869565217,16.7391304347826,6.95652173913044,292.608695652174,0,0.434782608695652,0,0,0,0,0,0,0,5.21739130434783,182.173913043478,0,0,0,0,0,0,0,0,0,3.69565217391304,0,9.56521739130435,0,0,1.30434782608696,0,0,0,27.8260869565217,0,13.0434782608696,48.2608695652174,0,0,0,0,0,0,1.08695652173913,3763023.38458265,15535843.4689808,22241818.0114416,147623.208508009,22389441.2199497,11772820.0843982,4.94736842105263
3,36,3,17169283,2.88,0,0,2.88,0,2.88,0,0,2.88,0,0,0,0,0,0,31000,2,0,97354.8387096774,0,0,0,0,0,260516.129032258,507330.64516129,70239.7283531409,577570.373514431,592572.580645161,113548.387096774,0,113548.387096774,325684.516129032,436280.64516129,0,761965.161290323,19133577.5670628,178044.546105263,13885.968,191930.514105263,0,2651.01290322581,2651.01290322581,0,35074904.516129,35074904.516129,0,22.258064516129,5.48387096774194,16.7741935483871,27.4193548387097,15.8064516129032,11.6129032258065,0,0,49.6774193548387,0,1.61290322580645,0,0,0,0,0,0,0,0,47.4193548387097,0,0,0,0,0,0,0,0,0,0,0,0,0,0,0,0,0,0,0,0,0,0,0,0,0,0,0,0,0.645161290322581,631163.41733107,15941326.9490662,19459262.0831919,305478.901202037,19764740.9843939,15310163.5317351,4.94736842105263
3,36,3,17169283,2.9,0,0,2.9,0,2.9,0,0,2.9,0,0,0,0,0,0,36000,1,0,190000,32500,0,0,110000,0,768333.333333333,32583.3333333333,52628.3625730994,85211.6959064328,656937.5,146666.666666667,0,146666.666666667,2204350,566111.111111111,168888.888888889,2939350,19612887.0964478,62061.5069005847,51916.94,113978.446900585,0,3927,3927,0,42078400,42078400,0,118.888888888889,103.055555555556,15.8333333333333,23.8888888888889,10,13.8888888888889,8.05555555555556,8.05555555555556,158.888888888889,0,0.833333333333333,0,0,0,0,0,0,0,15.8333333333333,106.388888888889,0,0,0,0,0,0,0,0,0,8.05555555555556,0,0,0,0,0,0,0,0,0,0,0,27.2222222222222,0,0,0,0,0,0,0.555555555555556,2599373.54635923,22465512.9035522,21951615.5292398,260645.113567251,22212260.642807,19866139.357193,4.94736842105263
3,36,3,17169283,3.85,0,0,3.85,0,3.85,0,0,3.85,0,0,0,0,0,0,20100,2,0,40696.5174129353,86567.1641791045,0,38855.7213930348,0,0,0,793927.860696517,190516.88923802,984444.749934538,511795.190713101,244825.870646766,0,244825.870646766,2390278.60696517,746515.422885572,0,3136794.02985075,19578157.7665183,327518.079057345,40956.1265671642,368474.205624509,556.218905472637,444.029850746269,1000.24875621891,7215074.62686567,5796543.28358209,13011617.9104478,0,142.28855721393,104.975124378109,37.3134328358209,43.7810945273632,43.7810945273632,0,3.98009950248756,0,190.049751243781,0,0.497512437810945,0,0,0,0,0,0,0,8.95522388059701,107.462686567164,0,0,0,0,0,0,0,0,0,3.98009950248756,0,9.45273631840796,0,0,5.97014925373134,0,0,0,52.7363184079602,0,0,0,0,0,0,0,0,0,0.99502487562189,3003578.68323645,-6566539.85607052,21968436.3734835,613300.076271275,22581736.4497547,-9570118.53930698,4.94736842105263
3,36,3,17169283,4,0,0,4,0,4,0,0,4,0,0,0,0,0,0,39000,1,0,113051.282051282,0,0,0,0,0,384230.769230769,187957.264957265,31355.5330634278,219312.798020693,293072.64957265,451282.051282051,0,451282.051282051,718867.435897436,22769.2307692308,25641.0256410256,767277.692307692,18202506.9431903,71902.2682231219,15680.5408205128,87582.8090436347,16.9230769230769,2030.32307692308,2047.24615384615,196307.692307692,22339961.5384615,22536269.2307692,0,45.6410256410256,26.4102564102564,19.2307692307692,2.56410256410256,0,2.56410256410256,0,0,48.2051282051282,0,0.769230769230769,0,0,0,0,0,0,0,9.74358974358974,37.4358974358974,0,0,0,0,0,0,0,0,0,0,0,0,0,0,0,0,0,0,0,0,0,0,0,0,0,0,0,0,0.256410256410256,1282586.10831846,4333762.28757891,18946228.1911831,538864.860325686,19485093.0515088,3051176.17926046,4.94736842105263
3,37,1,17169283,0.1,0.02,0.08,0,0,0.1,0.02,0.08,0,0,0,0,0,0,0,5100,2,0,29803.9215686275,0,0,0,0,0,103529.411764706,37460.7843137255,23595.0464396285,61055.830753354,105800.653594771,3532549.01960784,0,3532549.01960784,3115933.33333333,0,0,3115933.33333333,17469472.8176815,42746.2743887169,40290.9066666667,83037.1810553836,1098.03921568627,0,1098.03921568627,8153725.49019608,0,8153725.49019608,0,221.56862745098,45.0980392156863,176.470588235294,0,0,0,0,0,221.56862745098,0,0,0,13.7254901960784,0,0,0,0,0,13.7254901960784,143.137254901961,0,0,0,0,0,0,0,0,0,33.3333333333333,0,0,0,0,17.6470588235294,0,0,0,0,0,0,0,0,0,0,0,0,0,0,6731519.53399656,-9315747.32748538,20585406.1510148,3615586.20066323,24200992.351678,-16047266.8614819,12.4444444444444
3,37,1,17169283,0.12,0,0,0.12,0,0,0,0,0,0,0.12,0,0,0.12,0,5100,2,0,49411.7647058824,0,0,0,0,0,40000,2702132.35294118,167850.877192982,2869983.23013416,864460.784313725,0,1294117.64705882,1294117.64705882,3275560.78431373,0,0,3275560.78431373,22287256.4262126,606897.84626763,41725.6596078431,648623.505875473,1615.6862745098,0,1615.6862745098,26264901.9607843,0,26264901.9607843,0,190.196078431373,190.196078431373,0,0,0,0,0,0,190.196078431373,0,0,0,0,0,0,0,0,0,19.6078431372549,156.862745098039,0,0,0,0,0,0,0,0,0,0,0,0,0,0,13.7254901960784,0,0,0,0,0,0,0,0,0,0,0,0,0,0,3924184.2901892,3977645.53457173,24268699.5634675,1942741.1529343,26211440.7164018,53461.244382523,12.4444444444444
3,37,1,17169283,0.16,0,0.16,0,0,0.16,0,0.16,0,0,0,0,0,0,0,5000,2,0,243600,0,0,0,0,0,0,106413.333333333,94340,200753.333333333,2011683.33333333,383200,0,383200,14998036,0,0,14998036,19625319.6666667,401666.028666667,188996.2864,590662.315066667,4496,0,4496,45042000,0,45042000,0,872,486,386,0,0,0,46,0,918,0,0,0,0,0,0,0,0,0,84,798,0,0,0,0,0,0,0,0,0,20,0,0,0,0,16,0,0,0,0,0,0,0,0,0,0,0,0,0,0,15971898.3150667,25416680.3333333,34623355.6666667,973862.315066667,35597217.9817333,9444782.01826667,12.4444444444444
3,37,1,17169283,0.28,0,0.28,0,0,0.28,0,0.28,0,0,0,0,0,0,0,7000,2,0,201000,0,0,0,0,0,0,75638.0952380953,42792.8571428571,118430.952380952,933035.714285714,1642857.14285714,0,1642857.14285714,9951987.14285714,0,0,9951987.14285714,18421749.6666667,177509.151371429,125897.040571429,303406.191942857,1791.42857142857,0,1791.42857142857,21846857.1428571,0,21846857.1428571,0,604.285714285714,324.285714285714,280,0,0,0,14.2857142857143,0,618.571428571429,0,0,0,0,0,0,0,0,0,64.2857142857143,517.142857142857,0,0,0,0,0,0,0,0,0,14.2857142857143,0,0,0,0,22.8571428571429,0,0,0,0,0,0,0,0,0,0,0,0,0,0,11898250.4776571,3425107.47619048,28373736.8095238,1946263.3348,30320000.1443238,-8473143.00146667,12.4444444444444
3,37,1,17169283,0.3,0,0.3,0,0,0.3,0,0.3,0,0,0,0,0,0,0,6000,2,0,0,0,0,0,0,0,17000,95277.7777777778,350918.421052632,446196.198830409,0,1613166.66666667,0,1613166.66666667,5786906.66666667,0,0,5786906.66666667,17632479.1988304,243920.072233918,71968.4426666667,315888.514900585,1643.33333333333,0,1643.33333333333,23171000,0,23171000,0,373.333333333333,180,193.333333333333,0,0,0,0,0,373.333333333333,0,0,0,0,0,0,0,0,0,0,353.333333333333,0,0,0,0,0,0,0,0,0,0,0,0,0,0,20,0,0,0,0,0,0,0,0,0,0,0,0,0,0,7715961.84823392,5538520.80116959,23419385.8654971,1929055.18156725,25348441.0470643,-2177441.04706433,12.4444444444444
3,37,2,17169283,0.16,0,0.16,0,0,0.16,0,0.16,0,0,0,0,0,0,0,10000,1,0,144900,0,0,0,0,0,0,104563.333333333,21965,126528.333333333,1005841.66666667,143700,0,143700,7957498,0,0,7957498,18446553,175782.555,100469.7352,276252.2902,3221,0,3221,33024400,0,33024400,0,489,252,237,0,0,0,10,0,499,0,0,0,0,0,0,0,0,0,73,384,0,0,0,0,0,0,0,0,0,10,0,0,0,0,32,0,0,0,0,0,0,0,0,0,0,0,0,0,0,8377450.2902,14577847,26404051,419952.2902,26824003.2902,6200396.7098,12.4444444444444
3,37,3,17169283,3.62,0,3.62,0,0,3.62,0,3.62,0,0,0,0,0,0,0,24000,2,0,25166.6666666667,0,0,2500,0,0,21333.3333333333,27365.2777777778,43660.3728070175,71025.6505847953,86611.1111111111,674833.333333333,0,674833.333333333,4188590,2039933.33333333,427083.333333333,6655606.66666667,19555729.1910399,57043.5916309942,83137.1226666667,140180.714297661,2550.41666666667,35.7,2586.11666666667,21222583.3333333,496230,21718813.3333333,0,272.083333333333,155.416666666667,116.666666666667,165.833333333333,55.8333333333333,110,0,0,437.916666666667,0,1.66666666666667,0,15,0,0,0,0,0,71.25,313.75,0,0,0,0,0,0,0,0,0,26.6666666666667,0,0,0,0,9.58333333333333,0,0,0,0,0,0,0,0,0,0,0,0,0,0,5290811.2849537,2163084.14229346,24031526.4283626,815014.047630994,24846540.4759936,-3127727.14266024,12.4444444444444
3,99,1,17169283,0.15,0,0.15,0,0,0,0,0,0,0,0.15,0,0.15,0,0,5000,2,0,8400,0,0,0,0,0,0,233466.666666667,62400,295866.666666667,326566.666666667,0,1650000,1650000,3315542,900000,0,4215542,20350116.3333333,145410.418666667,52376.8808,197787.299466667,504,0,504,6319200,0,6319200,0,198,146,52,96,96,0,0,0,294,0,0,0,0,0,0,0,0,0,0,116,0,0,0,0,0,0,0,0,0,0,0,0,0,0,0,0,0,0,0,0,0,178,0,0,0,0,0,0,0,3513329.29946667,-14030916.3333333,22015658.3333333,1847787.29946667,23863445.6328,-17544245.6328,19.375
3,99,1,17169283,0.15,0,0.15,0,0,0.15,0,0.15,0,0,0,0,0,0,0,5000,2,0,18400,0,0,0,0,0,0,307783.333333333,62400,370183.333333333,0,2217600,0,2217600,1252000,420000,200000,1872000,18028105.5677831,129003.606666667,23440.96,152444.566666667,134,0,134,1969800,0,1969800,0,74,74,0,22,22,0,0,0,96,0,0,0,4,0,0,0,0,0,0,32,0,0,0,0,0,0,0,0,0,0,0,0,0,0,0,18,0,0,0,0,0,42,0,0,0,0,0,0,0,3771805.33221691,-16058305.5677831,19429866.3333333,2370044.56666667,21799910.9,-19830110.9,19.375
3,99,1,17169283,0.16,0.16,0,0,0,0.16,0.16,0,0,0,0,0,0,0,0,5000,2,0,8400,0,0,0,0,0,0,34333.3333333333,24960,59293.3333333333,0,2112000,0,2112000,888192,0,0,888192,17236976.3333333,35265.8479999999,11117.7408,46383.5888,744,0,744,8926400,0,8926400,0,54,54,0,0,0,0,0,0,54,0,0,0,0,0,0,0,0,0,0,54,0,0,0,0,0,0,0,0,0,0,0,0,0,0,0,0,0,0,0,0,0,0,0,0,0,0,0,0,0,3046575.5888,-8310576.33333333,18125168.3333333,2158383.5888,20283551.9221333,-11357151.9221333,19.375
3,99,1,17169283,0.34,0,0,0.34,0,0.34,0,0,0.34,0,0,0,0,0,0,5000,2,0,12600,0,0,0,0,0,20400,20580,56160,76740,0,3833200,0,3833200,1786256,0,0,1786256,17279023,70554.0408,22558.7744,93112.8152,242,0,242,4826000,0,4826000,0,118,76,42,0,0,0,0,0,118,0,0,0,0,0,0,0,0,0,2,56,0,0,0,0,0,0,0,0,0,0,0,0,0,0,0,0,0,0,0,0,0,0,0,0,0,0,0,0,60,5712568.8152,-12453023,19065279,3926312.8152,22991591.8152,-18165591.8152,19.375
3,99,1,17169283,0.4,0,0,0.4,0,0,0,0,0,0,0.4,0,0,0.4,0,6000,2,0,280000,0,0,0,0,0,0,565940.972222222,0,565940.972222222,1258611.11111111,0,110000,110000,5372803.33333333,0,0,5372803.33333333,19383835.0833333,101074.165277778,70094.7613333333,171168.926611111,1393.33333333333,1487.5,2880.83333333333,16345333.3333333,15023750,31369083.3333333,0,351.666666666667,195,156.666666666667,0,0,0,0,0,351.666666666667,0,10,0,0,0,0,0,0,0,0,341.666666666667,0,0,0,0,0,0,0,0,0,0,0,0,0,0,0,0,0,0,0,0,0,0,0,0,0,0,0,0,0,5543972.25994445,11985248.25,24646638.4166667,281168.926611111,24927807.3432778,6441275.99005555,19.375
3,99,2,17169283,0.74,0,0,0,0.74,0.74,0,0,0,0.74,0,0,0,0,0,15200,2,0,465065.789473684,0,0,0,0,0,46973.6842105263,212657.620614035,13957.8947368421,226615.515350877,397456.140350877,261907.894736842,0,261907.894736842,2794214.47368421,0,0,2794214.47368421,18305394.129386,72423.9194122807,40997.5489473684,113421.468359649,246.710526315789,2912.36842105263,3159.07894736842,2319078.94736842,29414921.0526316,31734000,0,156.578947368421,82.2368421052632,74.3421052631579,0,0,0,19.0789473684211,0,175.657894736842,0,11.8421052631579,0,0,0,0,0,0,0,9.21052631578947,135.526315789474,0,0,0,0,0,0,0,0,0,0,0,0,0,0,0,0,0,0,0,0,0,0,19.0789473684211,0,0,0,0,0,0,3169543.8367807,13428605.870614,21099608.6030702,375329.363096491,21474937.9661667,10259062.0338333,19.375
4,34,3,17169283,2,0,0,2,0,0,0,0,0,0,2,0,0,2,0,23000,2,0,121913.043478261,0,0,0,0,0,0,36599.6376811594,32492.1739130435,69091.8115942029,567934.782608696,0,368260.869565217,368260.869565217,2670802.60869565,302041.739130435,0,2972844.34782609,18598525.2463768,121697.887344928,38374.9916521739,160072.878997101,160.869565217391,459.443478260869,620.313043478261,2259695.65217391,4479573.91304348,6739269.56521739,0,156.95652173913,83.9130434782609,73.0434782608696,17.8260869565217,17.8260869565217,0,10.4347826086957,0,185.217391304348,0,3.47826086956522,0,0,0,0,0,6.52173913043478,0,48.695652173913,116.086956521739,0,0,0,0,0,0,0,0,0,10.4347826086957,0,0,0,0,0,0,0,0,0,0,0,0,0,0,0,0,0,0,0,2830875.48769275,-11859255.6811594,20901066.9855072,528333.748562319,21429400.7340696,-14690131.1688522,19.3636363636364
4,34,3,17169283,3.3,0,0,3.3,0,0,0,0,0,0,3.3,0,0,3.3,0,40000,2,0,115100,0,0,0,0,0,0,794902.395833333,37066.5,831968.895833333,446381.25,0,825000,825000,2431390.75,1746477.25,0,4177868,21134210.3958333,115464.883485833,53232.8032,168697.686685833,242.5,1272.705,1515.205,3683600,12976057.5,16659657.5,0,131.75,68.75,63,124.75,20.5,104.25,18.5,0,275,0,1.5,0,0,0,0,0,0,0,18.25,236.75,0,0,0,0,0,0,0,0,0,18.5,0,0,0,0,0,0,0,0,0,0,0,0,0,0,0,0,0,0,0,2600088.43668583,-4474552.89583333,22740601.1458333,993697.686685833,23734298.8325192,-7074641.33251917,19.3636363636364
4,36,1,17169283,0.06,0,0,0.06,0,0,0,0,0,0,0.06,0,0,0.06,0,6000,2,0,234333.333333333,0,0,1833.33333333333,0,0,0,407877.777777778,296631.111111111,704508.888888889,0,0,1008333.33333333,1008333.33333333,3860293.33333333,0,0,3860293.33333333,19118291.8888889,346336.661711111,50796.104,397132.765711111,120,1297.1,1417.1,1248000,12805590,14053590,0,121.666666666667,121.666666666667,0,0,0,0,80,0,201.666666666667,0,6.66666666666667,0,0,0,0,10,0,0,8.33333333333333,48.3333333333333,0,0,0,0,0,0,0,0,0,118.333333333333,0,0,0,0,10,0,0,0,0,0,0,0,0,0,0,0,0,0,0,4257426.09904444,-5064701.88888888,21970251.8888889,1405466.09904444,23375717.9879333,-9322127.98793333,4
4,36,1,17169283,0.23,0.09,0.14,0,0,0.23,0.09,0.14,0,0,0,0,0,0,0,6000,2,0,137166.666666667,0,0,0,0,0,0,331688.888888889,94627.7192982456,426316.608187135,32650,1701333.33333333,0,1701333.33333333,3263540,0,0,3263540,17765416.2748538,118036.736231579,42168.7626666667,160205.498898246,0,2391.9,2391.9,0,26596500,26596500,0,146.666666666667,140,6.66666666666667,0,0,0,31.6666666666667,0,178.333333333333,0,1.66666666666667,0,0,0,0,0,0,0,0,125,0,5,0,0,0,0,0,0,0,45,0,0,0,0,0,0,0,0,0,0,0,0,0,0,0,0,0,0,1.66666666666667,5125078.83223158,8831083.7251462,21028956.2748538,1861538.83223158,22890495.1070854,3706004.89291462,4
4,36,1,17169283,0.24,0,0,0.24,0,0.24,0,0,0.24,0,0,0,0,0,0,8530,2,0,392614.302461899,30480.6565064478,0,937.866354044549,0,0,64595.5451348183,394193.044157874,1012079.71864009,1406272.76279797,2030990.62133646,138100.82063306,0,138100.82063306,4830153.57561547,0,0,4830153.57561547,21095174.7545916,455339.528268855,65952.8961313013,521292.424400156,440.797186400938,1155.12309495897,1595.92028135991,4147948.41735053,11220597.8898007,15368546.3071512,0,267.291910902696,133.645955451348,133.645955451348,0,0,0,33.9976553341149,0,301.289566236811,0,12.8956623681125,0,0,0,0,0,0,0,31.6529894490035,153.575615474795,0,0,0,0,0,0,0,0,0,33.9976553341149,0,0,0,0,41.031652989449,28.1359906213365,0,0,0,0,0,0,0,0,0,0,0,0,0,5489546.82064869,-5726628.44744041,25925328.3302071,659393.245033216,26584721.5752403,-11216175.2680891,4
4,36,1,17169283,0.35,0,0,0.35,0,0.35,0,0,0.35,0,0,0,0,0,0,6100,1,0,61639.3442622951,0,0,0,0,0,0,157486.338797814,64442.6229508197,221928.961748634,0,227868.852459016,0,227868.852459016,235755.737704918,0,0,235755.737704918,17452851.3060109,80438.6306010929,3687.69901639344,84126.3296174863,6.55737704918033,1240.72131147541,1247.27868852459,110163.93442623,14981124.5901639,15091288.5245902,0,18.0327868852459,0,18.0327868852459,0,0,0,0,0,18.0327868852459,0,0,0,0,0,0,0,0,0,3.27868852459016,13.1147540983607,0,0,0,0,0,0,0,0,0,0,0,0,0,0,0,0,0,0,0,0,0,0,0,0,0,0,0,0,1.63934426229508,547750.919781421,-2361562.78142077,17688607.0437158,311995.182076503,18000602.2257923,-2909313.70120219,4
4,36,1,17169283,0.8,0,0,0.8,0,0.8,0,0,0.8,0,0,0,0,0,0,8000,2,0,284875,48750,0,2500,0,0,268250,256125,78000,334125,0,216500,0,216500,3077910,2525010,187500,5790420,20717291.6855068,65469.9333333333,79295.458,144765.391333333,142.5,1936.725,2079.225,2550750,22078665,24629415,0,98.75,98.75,0,137.5,137.5,0,60,0,296.25,0,3.75,0,0,0,0,0,0,0,12.5,82.5,0,0,0,0,0,0,0,0,0,60,0,0,0,0,10,0,0,0,0,0,0,127.5,0,0,0,0,0,0,0,3542176.70582649,3912123.31449316,23898203,361265.391333333,24259468.3913333,369946.608666666,4
4,36,1,17169283,1.1,0,0,1.1,0,1.1,0,0,1.1,0,0,0,0,0,0,9550,2,0,608900.523560209,0,0,4921.46596858639,0,0,857172.77486911,245472.94938918,189976.963350785,435449.912739965,393246.073298429,261570.680628272,0,261570.680628272,6646445.02617801,683560.209424084,0,7330005.23560209,20152533.9598604,251346.357919721,109132.4,360478.757919721,8.37696335078534,3461.59162303665,3469.96858638743,156753.926701571,34864134.0314136,35020887.9581152,0,287.958115183246,180.104712041885,107.853403141361,73.2984293193717,0,73.2984293193717,96.3350785340314,0,457.591623036649,0,14.6596858638743,0,0,0,0,0,0,0,20.9424083769634,306.806282722513,0,0,0,0,0,6.282722513089,0,0,0,96.3350785340314,0,0,0,0,12.565445026178,0,0,0,0,0,0,0,0,0,0,0,0,0,0,7268494.464726,14868353.9982548,26798978.9860384,622049.438547993,27421028.4245864,7599859.53352879,4
4,36,3,17169283,2.21,0,0,2.21,0,2.21,0,0,2.21,0,0,0,0,0,0,24000,2,0,66208.3333333333,13208.3333333333,0,0,0,0,761333.333333333,682479.166666667,88494.9561403509,770974.122807018,510270.833333333,204958.333333333,0,204958.333333333,364370.416666667,110500,51250,526120.416666667,19413703.5779547,157454.283415205,16949.1931666667,174403.476581871,33.75,1109.675,1143.425,356041.666666667,13062035,13418076.6666667,0,24.1666666666667,9.16666666666667,15,12.5,0,12.5,0,0,36.6666666666667,0,0,0,0,0,0,0,0,0,0,36.25,0,0,0,0,0,0,0,0,0,0,0,0,0,0,0,0,0,0,0,0,0,0,0,0,0,0,0,0,0.416666666666667,783056.604767499,-5995626.91128805,19817398.372807,379361.809915205,20196760.1827222,-6778683.51605555,4.94736842105263
4,36,3,17169283,2.5,0,0,2.5,0,2.5,0,0,2.5,0,0,0,0,0,0,25000,2,0,156640,182000,0,0,633600,0,21120,33544,30921.1789473684,64465.1789473684,326573.333333333,264000,0,264000,1484883.6,2093297.2,220400,3798580.8,20775916.4962183,51066.8746464562,59420.06592,110486.940566456,79.6,3038.784,3118.384,692080,33854167.2,34546247.2,0,88.4,0,88.4,116,98.4,17.6,12.8,0,217.2,0,1.2,0,0,0,0,0,0,0,8,130.4,0,0,0,0,0,5.2,0,0,0,23.2,0,0,0,0,0,0,0,0,0,0,0,48,0,0,0,0,0,0,1.2,1950832.75662888,13770330.7037817,22352262.3122807,374486.940566456,22726749.2528472,11819497.9471528,4.94736842105263
4,36,3,17169283,4,0,0,4,0,4,0,0,4,0,0,0,0,0,0,35300,2,0,199886.685552408,0,0,0,0,0,1170764.87252125,86869.6883852691,18225.9728641718,105095.661249441,231284.230406043,104702.549575071,0,104702.549575071,3597948.44192635,910422.662889518,141643.059490085,4650014.16430595,19815340.5812335,45871.8885721386,74656.2549575071,120528.143529646,11.3314447592068,2888.36260623229,2899.6940509915,237960.339943343,31155683.286119,31393643.6260623,0,234.560906515581,130.878186968839,103.682719546742,81.0198300283286,7.36543909348442,73.6543909348442,0,0,315.580736543909,0,1.13314447592068,0,0,0,0,0,0,0,6.51558073654391,128.895184135977,0,0,0,0,0,0,0,0,0,0,0,0,0,0,0,0,0,0,0,0,0,176.770538243626,0,0,0,0,0,0,2.26628895184136,3936218.72590628,11578303.0448288,23526328.6140351,225230.693104716,23751559.3071398,7642084.31892252,4.94736842105263
4,37,1,17169283,0.26,0,0.26,0,0,0,0,0,0,0,0.26,0,0.26,0,0,6000,2,0,49000,0,0,0,0,0,34000,537847.222222222,57372.8070175439,595220.029239766,598694.444444444,0,2016666.66666667,2016666.66666667,7018033.33333333,0,0,7018033.33333333,20462864.1403509,176366.534269006,88052.8133333333,264419.347602339,2415,0,2415,25583333.3333333,0,25583333.3333333,0,415,371.666666666667,43.3333333333333,0,0,0,0,0,415,0,0,0,0,0,0,0,0,0,91.6666666666667,305,0,0,0,0,0,0,0,0,0,0,0,0,0,0,18.3333333333333,0,0,0,0,0,0,0,0,0,0,0,0,0,0,7282452.68093567,5120469.19298246,25464230.8070175,2281086.01426901,27745316.8212865,-2161983.48795321,12.4444444444444
